Id,metric_alias_metrics_view_graph_0,metric_alias_metrics_view_graph_1,metric_alias_metrics_view_graph_2,metric_alias_metrics_view_graph_3,metric_alias_metrics_view_graph_4,metric_alias_metrics_view_graph_5,metric_alias_metrics_view_graph_6,metric_alias_metrics_view_graph_7,metric_alias_metrics_view_graph_8,metric_alias_metrics_view_graph_9,metric_alias_metrics_view_graph_10,metric_alias_metrics_view_graph_11,metric_alias_metrics_view_graph_12,metric_alias_metrics_view_graph_13
StatusCode,Complete,Complete,Complete,Complete,Complete,Complete,Complete,Complete,Complete,Complete,Complete,Complete,Complete,Complete
Messages,,,,,,,,,,,,,,
Full label,us-east-1:AWS/DynamoDB TableName:major123 ConsumedReadCapacityUnits Average 300,us-east-1:AWS/DynamoDB TableName:major123 ConsumedWriteCapacityUnits Average 300,us-east-1:AWS/S3 BucketName:amazon-sagemaker-396608791652-us-east-1-4401ea26a8d0 StorageType:StandardStorage BucketSizeBytes Average 86400,us-east-1:AWS/S3 BucketName:amazon-sagemaker-396608791652-us-east-1-4401ea26a8d0 StorageType:AllStorageTypes NumberOfObjects Average 86400,us-east-1:AWS/S3 BucketName:predicteddatamajor StorageType:AllStorageTypes NumberOfObjects Average 86400,us-east-1:AWS/S3 BucketName:predicteddatamajor StorageType:StandardStorage BucketSizeBytes Average 86400,us-east-1:AWS/EC2 ImageId:ami-0893df1bd754c3189 EBSWriteBytes Average 86400,us-east-1:AWS/EC2 ImageId:ami-0893df1bd754c3189 EBSReadBytes Average 86400,us-east-1:AWS/EC2 ImageId:ami-0893df1bd754c3189 EBSWriteOps Average 86400,us-east-1:AWS/EC2 ImageId:ami-0893df1bd754c3189 CPUUtilization Average 86400,us-east-1:AWS/EC2 ImageId:ami-0893df1bd754c3189 EBSReadOps Average 86400,us-east-1:AWS/EC2 ImageId:ami-0893df1bd754c3189 MetadataNoToken Average 86400,us-east-1:AWS/EC2 ImageId:ami-0893df1bd754c3189 NetworkIn Average 86400,us-east-1:AWS/EC2 ImageId:ami-0893df1bd754c3189 NetworkOut Average 86400
Label,AWS/DynamoDB major123 ConsumedReadCapacityUnits,AWS/DynamoDB major123 ConsumedWriteCapacityUnits,AWS/S3 amazon-sagemaker-396608791652-us-east-1-4401ea26a8d0 StandardStorage BucketSizeBytes,AWS/S3 amazon-sagemaker-396608791652-us-east-1-4401ea26a8d0 AllStorageTypes NumberOfObjects,AWS/S3 predicteddatamajor AllStorageTypes NumberOfObjects,AWS/S3 predicteddatamajor StandardStorage BucketSizeBytes,AWS/EC2 ami-0893df1bd754c3189 EBSWriteBytes,AWS/EC2 ami-0893df1bd754c3189 EBSReadBytes,AWS/EC2 ami-0893df1bd754c3189 EBSWriteOps,AWS/EC2 ami-0893df1bd754c3189 CPUUtilization,AWS/EC2 ami-0893df1bd754c3189 EBSReadOps,AWS/EC2 ami-0893df1bd754c3189 MetadataNoToken,AWS/EC2 ami-0893df1bd754c3189 NetworkIn,AWS/EC2 ami-0893df1bd754c3189 NetworkOut
2025/03/20 18:00:00,0,0,90,1,1,1573,1218544.3555555556,1609369.2444444445,40.77291666666667,4.180579281471795,34.553472222222226,0,4944.827083333334,2144.540972222222
2025/03/20 18:05:00,0,0,,,,,,,,,,,,
2025/03/20 18:10:00,0,0,,,,,,,,,,,,
2025/03/20 18:15:00,0,0,,,,,,,,,,,,
2025/03/20 18:20:00,0,0,,,,,,,,,,,,
2025/03/20 18:25:00,0,0,,,,,,,,,,,,
2025/03/20 18:30:00,0,0,,,,,,,,,,,,
2025/03/20 18:35:00,0,0,,,,,,,,,,,,
2025/03/20 18:40:00,0,0,,,,,,,,,,,,
2025/03/20 18:45:00,0,0,,,,,,,,,,,,
2025/03/20 18:50:00,0,0,,,,,,,,,,,,
2025/03/20 18:55:00,0,0,,,,,,,,,,,,
2025/03/20 19:00:00,0,0,,,,,,,,,,,,
2025/03/20 19:05:00,0,0,,,,,,,,,,,,
2025/03/20 19:10:00,0,0,,,,,,,,,,,,
2025/03/20 19:15:00,0,0,,,,,,,,,,,,
2025/03/20 19:20:00,0,0,,,,,,,,,,,,
2025/03/20 19:25:00,0,0,,,,,,,,,,,,
2025/03/20 19:30:00,0,0,,,,,,,,,,,,
2025/03/20 19:35:00,0,0,,,,,,,,,,,,
2025/03/20 19:40:00,0,0,,,,,,,,,,,,
2025/03/20 19:45:00,0,0,,,,,,,,,,,,
2025/03/20 19:50:00,0,0,,,,,,,,,,,,
2025/03/20 19:55:00,0,0,,,,,,,,,,,,
2025/03/20 20:00:00,0,0,,,,,,,,,,,,
2025/03/20 20:05:00,0,0,,,,,,,,,,,,
2025/03/20 20:10:00,0,0,,,,,,,,,,,,
2025/03/20 20:15:00,0,0,,,,,,,,,,,,
2025/03/20 20:20:00,0,0,,,,,,,,,,,,
2025/03/20 20:25:00,0,0,,,,,,,,,,,,
2025/03/20 20:30:00,0,0,,,,,,,,,,,,
2025/03/20 20:35:00,0,0,,,,,,,,,,,,
2025/03/20 20:40:00,0,0,,,,,,,,,,,,
2025/03/20 20:45:00,0,0,,,,,,,,,,,,
2025/03/20 20:50:00,0,0,,,,,,,,,,,,
2025/03/20 20:55:00,0,0,,,,,,,,,,,,
2025/03/20 21:00:00,0,0,,,,,,,,,,,,
2025/03/20 21:05:00,0,0,,,,,,,,,,,,
2025/03/20 21:10:00,0,0,,,,,,,,,,,,
2025/03/20 21:15:00,0,0,,,,,,,,,,,,
2025/03/20 21:20:00,0,0,,,,,,,,,,,,
2025/03/20 21:25:00,0,0,,,,,,,,,,,,
2025/03/20 21:30:00,0,0,,,,,,,,,,,,
2025/03/20 21:35:00,0,0,,,,,,,,,,,,
2025/03/20 21:40:00,0,0,,,,,,,,,,,,
2025/03/20 21:45:00,0,0,,,,,,,,,,,,
2025/03/20 21:50:00,0,0,,,,,,,,,,,,
2025/03/20 21:55:00,0,0,,,,,,,,,,,,
2025/03/20 22:00:00,0,0,,,,,,,,,,,,
2025/03/20 22:05:00,0,0,,,,,,,,,,,,
2025/03/20 22:10:00,0,0,,,,,,,,,,,,
2025/03/20 22:15:00,0,0,,,,,,,,,,,,
2025/03/20 22:20:00,0,0,,,,,,,,,,,,
2025/03/20 22:25:00,0,0,,,,,,,,,,,,
2025/03/20 22:30:00,0,0,,,,,,,,,,,,
2025/03/20 22:35:00,0,0,,,,,,,,,,,,
2025/03/20 22:40:00,0,0,,,,,,,,,,,,
2025/03/20 22:45:00,0,0,,,,,,,,,,,,
2025/03/20 22:50:00,0,0,,,,,,,,,,,,
2025/03/20 22:55:00,0,0,,,,,,,,,,,,
2025/03/20 23:00:00,0,0,,,,,,,,,,,,
2025/03/20 23:05:00,0,0,,,,,,,,,,,,
2025/03/20 23:10:00,0,0,,,,,,,,,,,,
2025/03/20 23:15:00,0,0,,,,,,,,,,,,
2025/03/20 23:20:00,0,0,,,,,,,,,,,,
2025/03/20 23:25:00,0,0,,,,,,,,,,,,
2025/03/20 23:30:00,0,0,,,,,,,,,,,,
2025/03/20 23:35:00,0,0,,,,,,,,,,,,
2025/03/20 23:40:00,0,0,,,,,,,,,,,,
2025/03/20 23:45:00,0,0,,,,,,,,,,,,
2025/03/20 23:50:00,0,0,,,,,,,,,,,,
2025/03/20 23:55:00,0,0,,,,,,,,,,,,
2025/03/21 00:00:00,0,0,,,,,,,,,,,,
2025/03/21 00:05:00,0,0,,,,,,,,,,,,
2025/03/21 00:10:00,0,0,,,,,,,,,,,,
2025/03/21 00:15:00,0,0,,,,,,,,,,,,
2025/03/21 00:20:00,0,0,,,,,,,,,,,,
2025/03/21 00:25:00,0,0,,,,,,,,,,,,
2025/03/21 00:30:00,0,0,,,,,,,,,,,,
2025/03/21 00:35:00,0,0,,,,,,,,,,,,
2025/03/21 00:40:00,0,0,,,,,,,,,,,,
2025/03/21 00:45:00,0,0,,,,,,,,,,,,
2025/03/21 00:50:00,0,0,,,,,,,,,,,,
2025/03/21 00:55:00,0,0,,,,,,,,,,,,
2025/03/21 01:00:00,0,0,,,,,,,,,,,,
2025/03/21 01:05:00,0,0,,,,,,,,,,,,
2025/03/21 01:10:00,0,0,,,,,,,,,,,,
2025/03/21 01:15:00,0,0,,,,,,,,,,,,
2025/03/21 01:20:00,0,0,,,,,,,,,,,,
2025/03/21 01:25:00,0,0,,,,,,,,,,,,
2025/03/21 01:30:00,0,0,,,,,,,,,,,,
2025/03/21 01:35:00,0,0,,,,,,,,,,,,
2025/03/21 01:40:00,0,0,,,,,,,,,,,,
2025/03/21 01:45:00,0,0,,,,,,,,,,,,
2025/03/21 01:50:00,0,0,,,,,,,,,,,,
2025/03/21 01:55:00,0,0,,,,,,,,,,,,
2025/03/21 02:00:00,0,0,,,,,,,,,,,,
2025/03/21 02:05:00,0,0,,,,,,,,,,,,
2025/03/21 02:10:00,0,0,,,,,,,,,,,,
2025/03/21 02:15:00,0,0,,,,,,,,,,,,
2025/03/21 02:20:00,0,0,,,,,,,,,,,,
2025/03/21 02:25:00,0,0,,,,,,,,,,,,
2025/03/21 02:30:00,0,0,,,,,,,,,,,,
2025/03/21 02:35:00,0,0,,,,,,,,,,,,
2025/03/21 02:40:00,0,0,,,,,,,,,,,,
2025/03/21 02:45:00,0,0,,,,,,,,,,,,
2025/03/21 02:50:00,0,0,,,,,,,,,,,,
2025/03/21 02:55:00,0,0,,,,,,,,,,,,
2025/03/21 03:00:00,0,0,,,,,,,,,,,,
2025/03/21 03:05:00,0,0,,,,,,,,,,,,
2025/03/21 03:10:00,0,0,,,,,,,,,,,,
2025/03/21 03:15:00,0,0,,,,,,,,,,,,
2025/03/21 03:20:00,0,0,,,,,,,,,,,,
2025/03/21 03:25:00,0,0,,,,,,,,,,,,
2025/03/21 03:30:00,0,0,,,,,,,,,,,,
2025/03/21 03:35:00,0,0,,,,,,,,,,,,
2025/03/21 03:40:00,0,0,,,,,,,,,,,,
2025/03/21 03:45:00,0,0,,,,,,,,,,,,
2025/03/21 03:50:00,0,0,,,,,,,,,,,,
2025/03/21 03:55:00,0,0,,,,,,,,,,,,
2025/03/21 04:00:00,0,0,,,,,,,,,,,,
2025/03/21 04:05:00,0,0,,,,,,,,,,,,
2025/03/21 04:10:00,0,0,,,,,,,,,,,,
2025/03/21 04:15:00,0,0,,,,,,,,,,,,
2025/03/21 04:20:00,0,0,,,,,,,,,,,,
2025/03/21 04:25:00,0,0,,,,,,,,,,,,
2025/03/21 04:30:00,0,0,,,,,,,,,,,,
2025/03/21 04:35:00,0,0,,,,,,,,,,,,
2025/03/21 04:40:00,0,0,,,,,,,,,,,,
2025/03/21 04:45:00,0,0,,,,,,,,,,,,
2025/03/21 04:50:00,0,0,,,,,,,,,,,,
2025/03/21 04:55:00,0,0,,,,,,,,,,,,
2025/03/21 05:00:00,0,0,,,,,,,,,,,,
2025/03/21 05:05:00,0,0,,,,,,,,,,,,
2025/03/21 05:10:00,0,0,,,,,,,,,,,,
2025/03/21 05:15:00,0,0,,,,,,,,,,,,
2025/03/21 05:20:00,0,0,,,,,,,,,,,,
2025/03/21 05:25:00,0,0,,,,,,,,,,,,
2025/03/21 05:30:00,0,0,,,,,,,,,,,,
2025/03/21 05:35:00,0,0,,,,,,,,,,,,
2025/03/21 05:40:00,0,0,,,,,,,,,,,,
2025/03/21 05:45:00,0,0,,,,,,,,,,,,
2025/03/21 05:50:00,0,0,,,,,,,,,,,,
2025/03/21 05:55:00,0,0,,,,,,,,,,,,
2025/03/21 06:00:00,0,0,,,,,,,,,,,,
2025/03/21 06:05:00,0,0,,,,,,,,,,,,
2025/03/21 06:10:00,0,0,,,,,,,,,,,,
2025/03/21 06:15:00,0,0,,,,,,,,,,,,
2025/03/21 06:20:00,0,0,,,,,,,,,,,,
2025/03/21 06:25:00,0,0,,,,,,,,,,,,
2025/03/21 06:30:00,0,0,,,,,,,,,,,,
2025/03/21 06:35:00,0,0,,,,,,,,,,,,
2025/03/21 06:40:00,0,0,,,,,,,,,,,,
2025/03/21 06:45:00,0,0,,,,,,,,,,,,
2025/03/21 06:50:00,0,0,,,,,,,,,,,,
2025/03/21 06:55:00,0,0,,,,,,,,,,,,
2025/03/21 07:00:00,0,0,,,,,,,,,,,,
2025/03/21 07:05:00,0,0,,,,,,,,,,,,
2025/03/21 07:10:00,0,0,,,,,,,,,,,,
2025/03/21 07:15:00,0,0,,,,,,,,,,,,
2025/03/21 07:20:00,0,0,,,,,,,,,,,,
2025/03/21 07:25:00,0,0,,,,,,,,,,,,
2025/03/21 07:30:00,0,0,,,,,,,,,,,,
2025/03/21 07:35:00,0,0,,,,,,,,,,,,
2025/03/21 07:40:00,0,0,,,,,,,,,,,,
2025/03/21 07:45:00,0,0,,,,,,,,,,,,
2025/03/21 07:50:00,0,0,,,,,,,,,,,,
2025/03/21 07:55:00,0,0,,,,,,,,,,,,
2025/03/21 08:00:00,0,0,,,,,,,,,,,,
2025/03/21 08:05:00,0,0,,,,,,,,,,,,
2025/03/21 08:10:00,0,0,,,,,,,,,,,,
2025/03/21 08:15:00,0,0,,,,,,,,,,,,
2025/03/21 08:20:00,0,0,,,,,,,,,,,,
2025/03/21 08:25:00,0,0,,,,,,,,,,,,
2025/03/21 08:30:00,0,0,,,,,,,,,,,,
2025/03/21 08:35:00,0,0,,,,,,,,,,,,
2025/03/21 08:40:00,0,0,,,,,,,,,,,,
2025/03/21 08:45:00,0,0,,,,,,,,,,,,
2025/03/21 08:50:00,0,0,,,,,,,,,,,,
2025/03/21 08:55:00,0,0,,,,,,,,,,,,
2025/03/21 09:00:00,0,0,,,,,,,,,,,,
2025/03/21 09:05:00,0,0,,,,,,,,,,,,
2025/03/21 09:10:00,0,0,,,,,,,,,,,,
2025/03/21 09:15:00,0,0,,,,,,,,,,,,
2025/03/21 09:20:00,0,0,,,,,,,,,,,,
2025/03/21 09:25:00,0,0,,,,,,,,,,,,
2025/03/21 09:30:00,0,0,,,,,,,,,,,,
2025/03/21 09:35:00,0,0,,,,,,,,,,,,
2025/03/21 09:40:00,0,0,,,,,,,,,,,,
2025/03/21 09:45:00,0,0,,,,,,,,,,,,
2025/03/21 09:50:00,0,0,,,,,,,,,,,,
2025/03/21 09:55:00,0,0,,,,,,,,,,,,
2025/03/21 10:00:00,0,0,,,,,,,,,,,,
2025/03/21 10:05:00,0,0,,,,,,,,,,,,
2025/03/21 10:10:00,0,0,,,,,,,,,,,,
2025/03/21 10:15:00,0,0,,,,,,,,,,,,
2025/03/21 10:20:00,0,0,,,,,,,,,,,,
2025/03/21 10:25:00,0,0,,,,,,,,,,,,
2025/03/21 10:30:00,0,0,,,,,,,,,,,,
2025/03/21 10:35:00,0,0,,,,,,,,,,,,
2025/03/21 10:40:00,0,0,,,,,,,,,,,,
2025/03/21 10:45:00,0,0,,,,,,,,,,,,
2025/03/21 10:50:00,0,0,,,,,,,,,,,,
2025/03/21 10:55:00,0,0,,,,,,,,,,,,
2025/03/21 11:00:00,0,0,,,,,,,,,,,,
2025/03/21 11:05:00,0,0,,,,,,,,,,,,
2025/03/21 11:10:00,0,0,,,,,,,,,,,,
2025/03/21 11:15:00,0,0,,,,,,,,,,,,
2025/03/21 11:20:00,0,0,,,,,,,,,,,,
2025/03/21 11:25:00,0,0,,,,,,,,,,,,
2025/03/21 11:30:00,0,0,,,,,,,,,,,,
2025/03/21 11:35:00,0,0,,,,,,,,,,,,
2025/03/21 11:40:00,0,0,,,,,,,,,,,,
2025/03/21 11:45:00,0,0,,,,,,,,,,,,
2025/03/21 11:50:00,0,0,,,,,,,,,,,,
2025/03/21 11:55:00,0,0,,,,,,,,,,,,
2025/03/21 12:00:00,0,0,,,,,,,,,,,,
2025/03/21 12:05:00,0,0,,,,,,,,,,,,
2025/03/21 12:10:00,0,0,,,,,,,,,,,,
2025/03/21 12:15:00,0,0,,,,,,,,,,,,
2025/03/21 12:20:00,0,0,,,,,,,,,,,,
2025/03/21 12:25:00,0,0,,,,,,,,,,,,
2025/03/21 12:30:00,0,0,,,,,,,,,,,,
2025/03/21 12:35:00,0,0,,,,,,,,,,,,
2025/03/21 12:40:00,0,0,,,,,,,,,,,,
2025/03/21 12:45:00,0,0,,,,,,,,,,,,
2025/03/21 12:50:00,0,0,,,,,,,,,,,,
2025/03/21 12:55:00,0,0,,,,,,,,,,,,
2025/03/21 13:00:00,0,0,,,,,,,,,,,,
2025/03/21 13:05:00,0,0,,,,,,,,,,,,
2025/03/21 13:10:00,0,0,,,,,,,,,,,,
2025/03/21 13:15:00,0,0,,,,,,,,,,,,
2025/03/21 13:20:00,0,0,,,,,,,,,,,,
2025/03/21 13:25:00,0,0,,,,,,,,,,,,
2025/03/21 13:30:00,0,0,,,,,,,,,,,,
2025/03/21 13:35:00,0,0,,,,,,,,,,,,
2025/03/21 13:40:00,0,0,,,,,,,,,,,,
2025/03/21 13:45:00,0,0,,,,,,,,,,,,
2025/03/21 13:50:00,0,0,,,,,,,,,,,,
2025/03/21 13:55:00,0,0,,,,,,,,,,,,
2025/03/21 14:00:00,0,0,,,,,,,,,,,,
2025/03/21 14:05:00,0,0,,,,,,,,,,,,
2025/03/21 14:10:00,0,0,,,,,,,,,,,,
2025/03/21 14:15:00,0,0,,,,,,,,,,,,
2025/03/21 14:20:00,0,0,,,,,,,,,,,,
2025/03/21 14:25:00,0,0,,,,,,,,,,,,
2025/03/21 14:30:00,0,0,,,,,,,,,,,,
2025/03/21 14:35:00,0,0,,,,,,,,,,,,
2025/03/21 14:40:00,0,0,,,,,,,,,,,,
2025/03/21 14:45:00,0,0,,,,,,,,,,,,
2025/03/21 14:50:00,0,0,,,,,,,,,,,,
2025/03/21 14:55:00,0,0,,,,,,,,,,,,
2025/03/21 15:00:00,0,0,,,,,,,,,,,,
2025/03/21 15:05:00,0,0,,,,,,,,,,,,
2025/03/21 15:10:00,0,0,,,,,,,,,,,,
2025/03/21 15:15:00,0,0,,,,,,,,,,,,
2025/03/21 15:20:00,0,0,,,,,,,,,,,,
2025/03/21 15:25:00,0,0,,,,,,,,,,,,
2025/03/21 15:30:00,0,0,,,,,,,,,,,,
2025/03/21 15:35:00,0,0,,,,,,,,,,,,
2025/03/21 15:40:00,0,0,,,,,,,,,,,,
2025/03/21 15:45:00,0,0,,,,,,,,,,,,
2025/03/21 15:50:00,0,0,,,,,,,,,,,,
2025/03/21 15:55:00,0,0,,,,,,,,,,,,
2025/03/21 16:00:00,0,0,,,,,,,,,,,,
2025/03/21 16:05:00,0,0,,,,,,,,,,,,
2025/03/21 16:10:00,0,0,,,,,,,,,,,,
2025/03/21 16:15:00,0,0,,,,,,,,,,,,
2025/03/21 16:20:00,0,0,,,,,,,,,,,,
2025/03/21 16:25:00,0,0,,,,,,,,,,,,
2025/03/21 16:30:00,0,0,,,,,,,,,,,,
2025/03/21 16:35:00,0,0,,,,,,,,,,,,
2025/03/21 16:40:00,0,0,,,,,,,,,,,,
2025/03/21 16:45:00,0,0,,,,,,,,,,,,
2025/03/21 16:50:00,0,0,,,,,,,,,,,,
2025/03/21 16:55:00,0,0,,,,,,,,,,,,
2025/03/21 17:00:00,0,0,,,,,,,,,,,,
2025/03/21 17:05:00,0,0,,,,,,,,,,,,
2025/03/21 17:10:00,0,0,,,,,,,,,,,,
2025/03/21 17:15:00,0,0,,,,,,,,,,,,
2025/03/21 17:20:00,0,0,,,,,,,,,,,,
2025/03/21 17:25:00,0,0,,,,,,,,,,,,
2025/03/21 17:30:00,0,0,,,,,,,,,,,,
2025/03/21 17:35:00,0,0,,,,,,,,,,,,
2025/03/21 17:40:00,0,0,,,,,,,,,,,,
2025/03/21 17:45:00,0,0,,,,,,,,,,,,
2025/03/21 17:50:00,0,0,,,,,,,,,,,,
2025/03/21 17:55:00,0,0,,,,,,,,,,,,
2025/03/21 18:00:00,0,0,90,1,1,1573,1264330.6666666667,2954148.6222222224,36.03125,4.323347557127661,64.51527777777778,0,2373.4194444444443,661.4305555555555
2025/03/21 18:05:00,0,0,,,,,,,,,,,,
2025/03/21 18:10:00,0,0,,,,,,,,,,,,
2025/03/21 18:15:00,0,0,,,,,,,,,,,,
2025/03/21 18:20:00,0,0,,,,,,,,,,,,
2025/03/21 18:25:00,0,0,,,,,,,,,,,,
2025/03/21 18:30:00,0,0,,,,,,,,,,,,
2025/03/21 18:35:00,0,0,,,,,,,,,,,,
2025/03/21 18:40:00,0,0,,,,,,,,,,,,
2025/03/21 18:45:00,0,0,,,,,,,,,,,,
2025/03/21 18:50:00,0,0,,,,,,,,,,,,
2025/03/21 18:55:00,0,0,,,,,,,,,,,,
2025/03/21 19:00:00,0,0,,,,,,,,,,,,
2025/03/21 19:05:00,0,0,,,,,,,,,,,,
2025/03/21 19:10:00,0,0,,,,,,,,,,,,
2025/03/21 19:15:00,0,0,,,,,,,,,,,,
2025/03/21 19:20:00,0,0,,,,,,,,,,,,
2025/03/21 19:25:00,0,0,,,,,,,,,,,,
2025/03/21 19:30:00,0,0,,,,,,,,,,,,
2025/03/21 19:35:00,0,0,,,,,,,,,,,,
2025/03/21 19:40:00,0,0,,,,,,,,,,,,
2025/03/21 19:45:00,0,0,,,,,,,,,,,,
2025/03/21 19:50:00,0,0,,,,,,,,,,,,
2025/03/21 19:55:00,0,0,,,,,,,,,,,,
2025/03/21 20:00:00,0,0,,,,,,,,,,,,
2025/03/21 20:05:00,0,0,,,,,,,,,,,,
2025/03/21 20:10:00,0,0,,,,,,,,,,,,
2025/03/21 20:15:00,0,0,,,,,,,,,,,,
2025/03/21 20:20:00,0,0,,,,,,,,,,,,
2025/03/21 20:25:00,0,0,,,,,,,,,,,,
2025/03/21 20:30:00,0,0,,,,,,,,,,,,
2025/03/21 20:35:00,0,0,,,,,,,,,,,,
2025/03/21 20:40:00,0,0,,,,,,,,,,,,
2025/03/21 20:45:00,0,0,,,,,,,,,,,,
2025/03/21 20:50:00,0,0,,,,,,,,,,,,
2025/03/21 20:55:00,0,0,,,,,,,,,,,,
2025/03/21 21:00:00,0,0,,,,,,,,,,,,
2025/03/21 21:05:00,0,0,,,,,,,,,,,,
2025/03/21 21:10:00,0,0,,,,,,,,,,,,
2025/03/21 21:15:00,0,0,,,,,,,,,,,,
2025/03/21 21:20:00,0,0,,,,,,,,,,,,
2025/03/21 21:25:00,0,0,,,,,,,,,,,,
2025/03/21 21:30:00,0,0,,,,,,,,,,,,
2025/03/21 21:35:00,0,0,,,,,,,,,,,,
2025/03/21 21:40:00,0,0,,,,,,,,,,,,
2025/03/21 21:45:00,0,0,,,,,,,,,,,,
2025/03/21 21:50:00,0,0,,,,,,,,,,,,
2025/03/21 21:55:00,0,0,,,,,,,,,,,,
2025/03/21 22:00:00,0,0,,,,,,,,,,,,
2025/03/21 22:05:00,0,0,,,,,,,,,,,,
2025/03/21 22:10:00,0,0,,,,,,,,,,,,
2025/03/21 22:15:00,0,0,,,,,,,,,,,,
2025/03/21 22:20:00,0,0,,,,,,,,,,,,
2025/03/21 22:25:00,0,0,,,,,,,,,,,,
2025/03/21 22:30:00,0,0,,,,,,,,,,,,
2025/03/21 22:35:00,0,0,,,,,,,,,,,,
2025/03/21 22:40:00,0,0,,,,,,,,,,,,
2025/03/21 22:45:00,0,0,,,,,,,,,,,,
2025/03/21 22:50:00,0,0,,,,,,,,,,,,
2025/03/21 22:55:00,0,0,,,,,,,,,,,,
2025/03/21 23:00:00,0,0,,,,,,,,,,,,
2025/03/21 23:05:00,0,0,,,,,,,,,,,,
2025/03/21 23:10:00,0,0,,,,,,,,,,,,
2025/03/21 23:15:00,0,0,,,,,,,,,,,,
2025/03/21 23:20:00,0,0,,,,,,,,,,,,
2025/03/21 23:25:00,0,0,,,,,,,,,,,,
2025/03/21 23:30:00,0,0,,,,,,,,,,,,
2025/03/21 23:35:00,0,0,,,,,,,,,,,,
2025/03/21 23:40:00,0,0,,,,,,,,,,,,
2025/03/21 23:45:00,0,0,,,,,,,,,,,,
2025/03/21 23:50:00,0,0,,,,,,,,,,,,
2025/03/21 23:55:00,0,0,,,,,,,,,,,,
2025/03/22 00:00:00,0,0,,,,,,,,,,,,
2025/03/22 00:05:00,0,0,,,,,,,,,,,,
2025/03/22 00:10:00,0,0,,,,,,,,,,,,
2025/03/22 00:15:00,0,0,,,,,,,,,,,,
2025/03/22 00:20:00,0,0,,,,,,,,,,,,
2025/03/22 00:25:00,0,0,,,,,,,,,,,,
2025/03/22 00:30:00,0,0,,,,,,,,,,,,
2025/03/22 00:35:00,0,0,,,,,,,,,,,,
2025/03/22 00:40:00,0,0,,,,,,,,,,,,
2025/03/22 00:45:00,0,0,,,,,,,,,,,,
2025/03/22 00:50:00,0,0,,,,,,,,,,,,
2025/03/22 00:55:00,0,0,,,,,,,,,,,,
2025/03/22 01:00:00,0,0,,,,,,,,,,,,
2025/03/22 01:05:00,0,0,,,,,,,,,,,,
2025/03/22 01:10:00,0,0,,,,,,,,,,,,
2025/03/22 01:15:00,0,0,,,,,,,,,,,,
2025/03/22 01:20:00,0,0,,,,,,,,,,,,
2025/03/22 01:25:00,0,0,,,,,,,,,,,,
2025/03/22 01:30:00,0,0,,,,,,,,,,,,
2025/03/22 01:35:00,0,0,,,,,,,,,,,,
2025/03/22 01:40:00,0,0,,,,,,,,,,,,
2025/03/22 01:45:00,0,0,,,,,,,,,,,,
2025/03/22 01:50:00,0,0,,,,,,,,,,,,
2025/03/22 01:55:00,0,0,,,,,,,,,,,,
2025/03/22 02:00:00,0,0,,,,,,,,,,,,
2025/03/22 02:05:00,0,0,,,,,,,,,,,,
2025/03/22 02:10:00,0,0,,,,,,,,,,,,
2025/03/22 02:15:00,0,0,,,,,,,,,,,,
2025/03/22 02:20:00,0,0,,,,,,,,,,,,
2025/03/22 02:25:00,0,0,,,,,,,,,,,,
2025/03/22 02:30:00,0,0,,,,,,,,,,,,
2025/03/22 02:35:00,0,0,,,,,,,,,,,,
2025/03/22 02:40:00,0,0,,,,,,,,,,,,
2025/03/22 02:45:00,0,0,,,,,,,,,,,,
2025/03/22 02:50:00,0,0,,,,,,,,,,,,
2025/03/22 02:55:00,0,0,,,,,,,,,,,,
2025/03/22 03:00:00,0,0,,,,,,,,,,,,
2025/03/22 03:05:00,0,0,,,,,,,,,,,,
2025/03/22 03:10:00,0,0,,,,,,,,,,,,
2025/03/22 03:15:00,0,0,,,,,,,,,,,,
2025/03/22 03:20:00,0,0,,,,,,,,,,,,
2025/03/22 03:25:00,0,0,,,,,,,,,,,,
2025/03/22 03:30:00,0,0,,,,,,,,,,,,
2025/03/22 03:35:00,0,0,,,,,,,,,,,,
2025/03/22 03:40:00,0,0,,,,,,,,,,,,
2025/03/22 03:45:00,0,0,,,,,,,,,,,,
2025/03/22 03:50:00,0,0,,,,,,,,,,,,
2025/03/22 03:55:00,0,0,,,,,,,,,,,,
2025/03/22 04:00:00,0,0,,,,,,,,,,,,
2025/03/22 04:05:00,0,0,,,,,,,,,,,,
2025/03/22 04:10:00,0,0,,,,,,,,,,,,
2025/03/22 04:15:00,0,0,,,,,,,,,,,,
2025/03/22 04:20:00,0,0,,,,,,,,,,,,
2025/03/22 04:25:00,0,0,,,,,,,,,,,,
2025/03/22 04:30:00,0,0,,,,,,,,,,,,
2025/03/22 04:35:00,0,0,,,,,,,,,,,,
2025/03/22 04:40:00,0,0,,,,,,,,,,,,
2025/03/22 04:45:00,0,0,,,,,,,,,,,,
2025/03/22 04:50:00,0,0,,,,,,,,,,,,
2025/03/22 04:55:00,0,0,,,,,,,,,,,,
2025/03/22 05:00:00,0,0,,,,,,,,,,,,
2025/03/22 05:05:00,0,0,,,,,,,,,,,,
2025/03/22 05:10:00,0,0,,,,,,,,,,,,
2025/03/22 05:15:00,0,0,,,,,,,,,,,,
2025/03/22 05:20:00,0,0,,,,,,,,,,,,
2025/03/22 05:25:00,0,0,,,,,,,,,,,,
2025/03/22 05:30:00,0,0,,,,,,,,,,,,
2025/03/22 05:35:00,0,0,,,,,,,,,,,,
2025/03/22 05:40:00,0,0,,,,,,,,,,,,
2025/03/22 05:45:00,0,0,,,,,,,,,,,,
2025/03/22 05:50:00,0,0,,,,,,,,,,,,
2025/03/22 05:55:00,0,0,,,,,,,,,,,,
2025/03/22 06:00:00,0,0,,,,,,,,,,,,
2025/03/22 06:05:00,0,0,,,,,,,,,,,,
2025/03/22 06:10:00,0,0,,,,,,,,,,,,
2025/03/22 06:15:00,0,0,,,,,,,,,,,,
2025/03/22 06:20:00,0,0,,,,,,,,,,,,
2025/03/22 06:25:00,0,0,,,,,,,,,,,,
2025/03/22 06:30:00,0,0,,,,,,,,,,,,
2025/03/22 06:35:00,0,0,,,,,,,,,,,,
2025/03/22 06:40:00,0,0,,,,,,,,,,,,
2025/03/22 06:45:00,0,0,,,,,,,,,,,,
2025/03/22 06:50:00,0,0,,,,,,,,,,,,
2025/03/22 06:55:00,0,0,,,,,,,,,,,,
2025/03/22 07:00:00,0,0,,,,,,,,,,,,
2025/03/22 07:05:00,0,0,,,,,,,,,,,,
2025/03/22 07:10:00,0,0,,,,,,,,,,,,
2025/03/22 07:15:00,0,0,,,,,,,,,,,,
2025/03/22 07:20:00,0,0,,,,,,,,,,,,
2025/03/22 07:25:00,0,0,,,,,,,,,,,,
2025/03/22 07:30:00,0,0,,,,,,,,,,,,
2025/03/22 07:35:00,0,0,,,,,,,,,,,,
2025/03/22 07:40:00,0,0,,,,,,,,,,,,
2025/03/22 07:45:00,0,0,,,,,,,,,,,,
2025/03/22 07:50:00,0,0,,,,,,,,,,,,
2025/03/22 07:55:00,0,0,,,,,,,,,,,,
2025/03/22 08:00:00,0,0,,,,,,,,,,,,
2025/03/22 08:05:00,0,0,,,,,,,,,,,,
2025/03/22 08:10:00,0,0,,,,,,,,,,,,
2025/03/22 08:15:00,0,0,,,,,,,,,,,,
2025/03/22 08:20:00,0,0,,,,,,,,,,,,
2025/03/22 08:25:00,0,0,,,,,,,,,,,,
2025/03/22 08:30:00,0,0,,,,,,,,,,,,
2025/03/22 08:35:00,0,0,,,,,,,,,,,,
2025/03/22 08:40:00,0,0,,,,,,,,,,,,
2025/03/22 08:45:00,0,0,,,,,,,,,,,,
2025/03/22 08:50:00,0,0,,,,,,,,,,,,
2025/03/22 08:55:00,0,0,,,,,,,,,,,,
2025/03/22 09:00:00,0,0,,,,,,,,,,,,
2025/03/22 09:05:00,0,0,,,,,,,,,,,,
2025/03/22 09:10:00,0,0,,,,,,,,,,,,
2025/03/22 09:15:00,0,0,,,,,,,,,,,,
2025/03/22 09:20:00,0,0,,,,,,,,,,,,
2025/03/22 09:25:00,0,0,,,,,,,,,,,,
2025/03/22 09:30:00,0,0,,,,,,,,,,,,
2025/03/22 09:35:00,0,0,,,,,,,,,,,,
2025/03/22 09:40:00,0,0,,,,,,,,,,,,
2025/03/22 09:45:00,0,0,,,,,,,,,,,,
2025/03/22 09:50:00,0,0,,,,,,,,,,,,
2025/03/22 09:55:00,0,0,,,,,,,,,,,,
2025/03/22 10:00:00,0,0,,,,,,,,,,,,
2025/03/22 10:05:00,0,0,,,,,,,,,,,,
2025/03/22 10:10:00,0,0,,,,,,,,,,,,
2025/03/22 10:15:00,0,0,,,,,,,,,,,,
2025/03/22 10:20:00,0,0,,,,,,,,,,,,
2025/03/22 10:25:00,0,0,,,,,,,,,,,,
2025/03/22 10:30:00,0,0,,,,,,,,,,,,
2025/03/22 10:35:00,0,0,,,,,,,,,,,,
2025/03/22 10:40:00,0,0,,,,,,,,,,,,
2025/03/22 10:45:00,0,0,,,,,,,,,,,,
2025/03/22 10:50:00,0,0,,,,,,,,,,,,
2025/03/22 10:55:00,0,0,,,,,,,,,,,,
2025/03/22 11:00:00,0,0,,,,,,,,,,,,
2025/03/22 11:05:00,0,0,,,,,,,,,,,,
2025/03/22 11:10:00,0,0,,,,,,,,,,,,
2025/03/22 11:15:00,0,0,,,,,,,,,,,,
2025/03/22 11:20:00,0,0,,,,,,,,,,,,
2025/03/22 11:25:00,0,0,,,,,,,,,,,,
2025/03/22 11:30:00,0,0,,,,,,,,,,,,
2025/03/22 11:35:00,0,0,,,,,,,,,,,,
2025/03/22 11:40:00,0,0,,,,,,,,,,,,
2025/03/22 11:45:00,0,0,,,,,,,,,,,,
2025/03/22 11:50:00,0,0,,,,,,,,,,,,
2025/03/22 11:55:00,0,0,,,,,,,,,,,,
2025/03/22 12:00:00,0,0,,,,,,,,,,,,
2025/03/22 12:05:00,0,0,,,,,,,,,,,,
2025/03/22 12:10:00,0,0,,,,,,,,,,,,
2025/03/22 12:15:00,0,0,,,,,,,,,,,,
2025/03/22 12:20:00,0,0,,,,,,,,,,,,
2025/03/22 12:25:00,0,0,,,,,,,,,,,,
2025/03/22 12:30:00,0,0,,,,,,,,,,,,
2025/03/22 12:35:00,0,0,,,,,,,,,,,,
2025/03/22 12:40:00,0,0,,,,,,,,,,,,
2025/03/22 12:45:00,0,0,,,,,,,,,,,,
2025/03/22 12:50:00,0,0,,,,,,,,,,,,
2025/03/22 12:55:00,0,0,,,,,,,,,,,,
2025/03/22 13:00:00,0,0,,,,,,,,,,,,
2025/03/22 13:05:00,0,0,,,,,,,,,,,,
2025/03/22 13:10:00,0,0,,,,,,,,,,,,
2025/03/22 13:15:00,0,0,,,,,,,,,,,,
2025/03/22 13:20:00,0,0,,,,,,,,,,,,
2025/03/22 13:25:00,0,0,,,,,,,,,,,,
2025/03/22 13:30:00,0,0,,,,,,,,,,,,
2025/03/22 13:35:00,0,0,,,,,,,,,,,,
2025/03/22 13:40:00,0,0,,,,,,,,,,,,
2025/03/22 13:45:00,0,0,,,,,,,,,,,,
2025/03/22 13:50:00,0,0,,,,,,,,,,,,
2025/03/22 13:55:00,0,0,,,,,,,,,,,,
2025/03/22 14:00:00,0,0,,,,,,,,,,,,
2025/03/22 14:05:00,0,0,,,,,,,,,,,,
2025/03/22 14:10:00,0,0,,,,,,,,,,,,
2025/03/22 14:15:00,0,0,,,,,,,,,,,,
2025/03/22 14:20:00,0,0,,,,,,,,,,,,
2025/03/22 14:25:00,0,0,,,,,,,,,,,,
2025/03/22 14:30:00,0,0,,,,,,,,,,,,
2025/03/22 14:35:00,0,0,,,,,,,,,,,,
2025/03/22 14:40:00,0,0,,,,,,,,,,,,
2025/03/22 14:45:00,0,0,,,,,,,,,,,,
2025/03/22 14:50:00,0,0,,,,,,,,,,,,
2025/03/22 14:55:00,0,0,,,,,,,,,,,,
2025/03/22 15:00:00,0,0,,,,,,,,,,,,
2025/03/22 15:05:00,0,0,,,,,,,,,,,,
2025/03/22 15:10:00,0,0,,,,,,,,,,,,
2025/03/22 15:15:00,0,0,,,,,,,,,,,,
2025/03/22 15:20:00,0,0,,,,,,,,,,,,
2025/03/22 15:25:00,0,0,,,,,,,,,,,,
2025/03/22 15:30:00,0,0,,,,,,,,,,,,
2025/03/22 15:35:00,0,0,,,,,,,,,,,,
2025/03/22 15:40:00,0,0,,,,,,,,,,,,
2025/03/22 15:45:00,0,0,,,,,,,,,,,,
2025/03/22 15:50:00,0,0,,,,,,,,,,,,
2025/03/22 15:55:00,0,0,,,,,,,,,,,,
2025/03/22 16:00:00,0,0,,,,,,,,,,,,
2025/03/22 16:05:00,0,0,,,,,,,,,,,,
2025/03/22 16:10:00,0,0,,,,,,,,,,,,
2025/03/22 16:15:00,0,0,,,,,,,,,,,,
2025/03/22 16:20:00,0,0,,,,,,,,,,,,
2025/03/22 16:25:00,0,0,,,,,,,,,,,,
2025/03/22 16:30:00,0,0,,,,,,,,,,,,
2025/03/22 16:35:00,0,0,,,,,,,,,,,,
2025/03/22 16:40:00,0,0,,,,,,,,,,,,
2025/03/22 16:45:00,0,0,,,,,,,,,,,,
2025/03/22 16:50:00,0,0,,,,,,,,,,,,
2025/03/22 16:55:00,0,0,,,,,,,,,,,,
2025/03/22 17:00:00,0,0,,,,,,,,,,,,
2025/03/22 17:05:00,0,0,,,,,,,,,,,,
2025/03/22 17:10:00,0,0,,,,,,,,,,,,
2025/03/22 17:15:00,0,0,,,,,,,,,,,,
2025/03/22 17:20:00,0,0,,,,,,,,,,,,
2025/03/22 17:25:00,0,0,,,,,,,,,,,,
2025/03/22 17:30:00,0,0,,,,,,,,,,,,
2025/03/22 17:35:00,0,0,,,,,,,,,,,,
2025/03/22 17:40:00,0,0,,,,,,,,,,,,
2025/03/22 17:45:00,0,0,,,,,,,,,,,,
2025/03/22 17:50:00,0,0,,,,,,,,,,,,
2025/03/22 17:55:00,0,0,,,,,,,,,,,,
2025/03/22 18:00:00,0,0,90,1,1,1573,1298594.8444444444,2922557.1555555556,37.18958333333333,4.4044787254442985,64.00416666666666,0,2822.320138888889,713.8805555555556
2025/03/22 18:05:00,0,0,,,,,,,,,,,,
2025/03/22 18:10:00,0,0,,,,,,,,,,,,
2025/03/22 18:15:00,0,0,,,,,,,,,,,,
2025/03/22 18:20:00,0,0,,,,,,,,,,,,
2025/03/22 18:25:00,0,0,,,,,,,,,,,,
2025/03/22 18:30:00,0,0,,,,,,,,,,,,
2025/03/22 18:35:00,0,0,,,,,,,,,,,,
2025/03/22 18:40:00,0,0,,,,,,,,,,,,
2025/03/22 18:45:00,0,0,,,,,,,,,,,,
2025/03/22 18:50:00,0,0,,,,,,,,,,,,
2025/03/22 18:55:00,0,0,,,,,,,,,,,,
2025/03/22 19:00:00,0,0,,,,,,,,,,,,
2025/03/22 19:05:00,0,0,,,,,,,,,,,,
2025/03/22 19:10:00,0,0,,,,,,,,,,,,
2025/03/22 19:15:00,0,0,,,,,,,,,,,,
2025/03/22 19:20:00,0,0,,,,,,,,,,,,
2025/03/22 19:25:00,0,0,,,,,,,,,,,,
2025/03/22 19:30:00,0,0,,,,,,,,,,,,
2025/03/22 19:35:00,0,0,,,,,,,,,,,,
2025/03/22 19:40:00,0,0,,,,,,,,,,,,
2025/03/22 19:45:00,0,0,,,,,,,,,,,,
2025/03/22 19:50:00,0,0,,,,,,,,,,,,
2025/03/22 19:55:00,0,0,,,,,,,,,,,,
2025/03/22 20:00:00,0,0,,,,,,,,,,,,
2025/03/22 20:05:00,0,0,,,,,,,,,,,,
2025/03/22 20:10:00,0,0,,,,,,,,,,,,
2025/03/22 20:15:00,0,0,,,,,,,,,,,,
2025/03/22 20:20:00,0,0,,,,,,,,,,,,
2025/03/22 20:25:00,0,0,,,,,,,,,,,,
2025/03/22 20:30:00,0,0,,,,,,,,,,,,
2025/03/22 20:35:00,0,0,,,,,,,,,,,,
2025/03/22 20:40:00,0,0,,,,,,,,,,,,
2025/03/22 20:45:00,0,0,,,,,,,,,,,,
2025/03/22 20:50:00,0,0,,,,,,,,,,,,
2025/03/22 20:55:00,0,0,,,,,,,,,,,,
2025/03/22 21:00:00,0,0,,,,,,,,,,,,
2025/03/22 21:05:00,0,0,,,,,,,,,,,,
2025/03/22 21:10:00,0,0,,,,,,,,,,,,
2025/03/22 21:15:00,0,0,,,,,,,,,,,,
2025/03/22 21:20:00,0,0,,,,,,,,,,,,
2025/03/22 21:25:00,0,0,,,,,,,,,,,,
2025/03/22 21:30:00,0,0,,,,,,,,,,,,
2025/03/22 21:35:00,0,0,,,,,,,,,,,,
2025/03/22 21:40:00,0,0,,,,,,,,,,,,
2025/03/22 21:45:00,0,0,,,,,,,,,,,,
2025/03/22 21:50:00,0,0,,,,,,,,,,,,
2025/03/22 21:55:00,0,0,,,,,,,,,,,,
2025/03/22 22:00:00,0,0,,,,,,,,,,,,
2025/03/22 22:05:00,0,0,,,,,,,,,,,,
2025/03/22 22:10:00,0,0,,,,,,,,,,,,
2025/03/22 22:15:00,0,0,,,,,,,,,,,,
2025/03/22 22:20:00,0,0,,,,,,,,,,,,
2025/03/22 22:25:00,0,0,,,,,,,,,,,,
2025/03/22 22:30:00,0,0,,,,,,,,,,,,
2025/03/22 22:35:00,0,0,,,,,,,,,,,,
2025/03/22 22:40:00,0,0,,,,,,,,,,,,
2025/03/22 22:45:00,0,0,,,,,,,,,,,,
2025/03/22 22:50:00,0,0,,,,,,,,,,,,
2025/03/22 22:55:00,0,0,,,,,,,,,,,,
2025/03/22 23:00:00,0,0,,,,,,,,,,,,
2025/03/22 23:05:00,0,0,,,,,,,,,,,,
2025/03/22 23:10:00,0,0,,,,,,,,,,,,
2025/03/22 23:15:00,0,0,,,,,,,,,,,,
2025/03/22 23:20:00,0,0,,,,,,,,,,,,
2025/03/22 23:25:00,0,0,,,,,,,,,,,,
2025/03/22 23:30:00,0,0,,,,,,,,,,,,
2025/03/22 23:35:00,0,0,,,,,,,,,,,,
2025/03/22 23:40:00,0,0,,,,,,,,,,,,
2025/03/22 23:45:00,0,0,,,,,,,,,,,,
2025/03/22 23:50:00,0,0,,,,,,,,,,,,
2025/03/22 23:55:00,0,0,,,,,,,,,,,,
2025/03/23 00:00:00,0,0,,,,,,,,,,,,
2025/03/23 00:05:00,0,0,,,,,,,,,,,,
2025/03/23 00:10:00,0,0,,,,,,,,,,,,
2025/03/23 00:15:00,0,0,,,,,,,,,,,,
2025/03/23 00:20:00,0,0,,,,,,,,,,,,
2025/03/23 00:25:00,0,0,,,,,,,,,,,,
2025/03/23 00:30:00,0,0,,,,,,,,,,,,
2025/03/23 00:35:00,0,0,,,,,,,,,,,,
2025/03/23 00:40:00,0,0,,,,,,,,,,,,
2025/03/23 00:45:00,0,0,,,,,,,,,,,,
2025/03/23 00:50:00,0,0,,,,,,,,,,,,
2025/03/23 00:55:00,0,0,,,,,,,,,,,,
2025/03/23 01:00:00,0,0,,,,,,,,,,,,
2025/03/23 01:05:00,0,0,,,,,,,,,,,,
2025/03/23 01:10:00,0,0,,,,,,,,,,,,
2025/03/23 01:15:00,0,0,,,,,,,,,,,,
2025/03/23 01:20:00,0,0,,,,,,,,,,,,
2025/03/23 01:25:00,0,0,,,,,,,,,,,,
2025/03/23 01:30:00,0,0,,,,,,,,,,,,
2025/03/23 01:35:00,0,0,,,,,,,,,,,,
2025/03/23 01:40:00,0,0,,,,,,,,,,,,
2025/03/23 01:45:00,0,0,,,,,,,,,,,,
2025/03/23 01:50:00,0,0,,,,,,,,,,,,
2025/03/23 01:55:00,0,0,,,,,,,,,,,,
2025/03/23 02:00:00,0,0,,,,,,,,,,,,
2025/03/23 02:05:00,0,0,,,,,,,,,,,,
2025/03/23 02:10:00,0,0,,,,,,,,,,,,
2025/03/23 02:15:00,0,0,,,,,,,,,,,,
2025/03/23 02:20:00,0,0,,,,,,,,,,,,
2025/03/23 02:25:00,0,0,,,,,,,,,,,,
2025/03/23 02:30:00,0,0,,,,,,,,,,,,
2025/03/23 02:35:00,0,0,,,,,,,,,,,,
2025/03/23 02:40:00,0,0,,,,,,,,,,,,
2025/03/23 02:45:00,0,0,,,,,,,,,,,,
2025/03/23 02:50:00,0,0,,,,,,,,,,,,
2025/03/23 02:55:00,0,0,,,,,,,,,,,,
2025/03/23 03:00:00,0,0,,,,,,,,,,,,
2025/03/23 03:05:00,0,0,,,,,,,,,,,,
2025/03/23 03:10:00,0,0,,,,,,,,,,,,
2025/03/23 03:15:00,0,0,,,,,,,,,,,,
2025/03/23 03:20:00,0,0,,,,,,,,,,,,
2025/03/23 03:25:00,0,0,,,,,,,,,,,,
2025/03/23 03:30:00,0,0,,,,,,,,,,,,
2025/03/23 03:35:00,0,0,,,,,,,,,,,,
2025/03/23 03:40:00,0,0,,,,,,,,,,,,
2025/03/23 03:45:00,0,0,,,,,,,,,,,,
2025/03/23 03:50:00,0,0,,,,,,,,,,,,
2025/03/23 03:55:00,0,0,,,,,,,,,,,,
2025/03/23 04:00:00,0,0,,,,,,,,,,,,
2025/03/23 04:05:00,0,0,,,,,,,,,,,,
2025/03/23 04:10:00,0,0,,,,,,,,,,,,
2025/03/23 04:15:00,0,0,,,,,,,,,,,,
2025/03/23 04:20:00,0,0,,,,,,,,,,,,
2025/03/23 04:25:00,0,0,,,,,,,,,,,,
2025/03/23 04:30:00,0,0,,,,,,,,,,,,
2025/03/23 04:35:00,0,0,,,,,,,,,,,,
2025/03/23 04:40:00,0,0,,,,,,,,,,,,
2025/03/23 04:45:00,0,0,,,,,,,,,,,,
2025/03/23 04:50:00,0,0,,,,,,,,,,,,
2025/03/23 04:55:00,0,0,,,,,,,,,,,,
2025/03/23 05:00:00,0,0,,,,,,,,,,,,
2025/03/23 05:05:00,0,0,,,,,,,,,,,,
2025/03/23 05:10:00,0,0,,,,,,,,,,,,
2025/03/23 05:15:00,0,0,,,,,,,,,,,,
2025/03/23 05:20:00,0,0,,,,,,,,,,,,
2025/03/23 05:25:00,0,0,,,,,,,,,,,,
2025/03/23 05:30:00,0,0,,,,,,,,,,,,
2025/03/23 05:35:00,0,0,,,,,,,,,,,,
2025/03/23 05:40:00,0,0,,,,,,,,,,,,
2025/03/23 05:45:00,0,0,,,,,,,,,,,,
2025/03/23 05:50:00,0,0,,,,,,,,,,,,
2025/03/23 05:55:00,0,0,,,,,,,,,,,,
2025/03/23 06:00:00,0,0,,,,,,,,,,,,
2025/03/23 06:05:00,0,0,,,,,,,,,,,,
2025/03/23 06:10:00,0,0,,,,,,,,,,,,
2025/03/23 06:15:00,0,0,,,,,,,,,,,,
2025/03/23 06:20:00,0,0,,,,,,,,,,,,
2025/03/23 06:25:00,0,0,,,,,,,,,,,,
2025/03/23 06:30:00,0,0,,,,,,,,,,,,
2025/03/23 06:35:00,0,0,,,,,,,,,,,,
2025/03/23 06:40:00,0,0,,,,,,,,,,,,
2025/03/23 06:45:00,0,0,,,,,,,,,,,,
2025/03/23 06:50:00,0,0,,,,,,,,,,,,
2025/03/23 06:55:00,0,0,,,,,,,,,,,,
2025/03/23 07:00:00,0,0,,,,,,,,,,,,
2025/03/23 07:05:00,0,0,,,,,,,,,,,,
2025/03/23 07:10:00,0,0,,,,,,,,,,,,
2025/03/23 07:15:00,0,0,,,,,,,,,,,,
2025/03/23 07:20:00,0,0,,,,,,,,,,,,
2025/03/23 07:25:00,0,0,,,,,,,,,,,,
2025/03/23 07:30:00,0,0,,,,,,,,,,,,
2025/03/23 07:35:00,0,0,,,,,,,,,,,,
2025/03/23 07:40:00,0,0,,,,,,,,,,,,
2025/03/23 07:45:00,0,0,,,,,,,,,,,,
2025/03/23 07:50:00,0,0,,,,,,,,,,,,
2025/03/23 07:55:00,0,0,,,,,,,,,,,,
2025/03/23 08:00:00,0,0,,,,,,,,,,,,
2025/03/23 08:05:00,0,0,,,,,,,,,,,,
2025/03/23 08:10:00,0,0,,,,,,,,,,,,
2025/03/23 08:15:00,0,0,,,,,,,,,,,,
2025/03/23 08:20:00,0,0,,,,,,,,,,,,
2025/03/23 08:25:00,0,0,,,,,,,,,,,,
2025/03/23 08:30:00,0,0,,,,,,,,,,,,
2025/03/23 08:35:00,0,0,,,,,,,,,,,,
2025/03/23 08:40:00,0,0,,,,,,,,,,,,
2025/03/23 08:45:00,0,0,,,,,,,,,,,,
2025/03/23 08:50:00,0,0,,,,,,,,,,,,
2025/03/23 08:55:00,0,0,,,,,,,,,,,,
2025/03/23 09:00:00,0,0,,,,,,,,,,,,
2025/03/23 09:05:00,0,0,,,,,,,,,,,,
2025/03/23 09:10:00,0,0,,,,,,,,,,,,
2025/03/23 09:15:00,0,0,,,,,,,,,,,,
2025/03/23 09:20:00,0,0,,,,,,,,,,,,
2025/03/23 09:25:00,0,0,,,,,,,,,,,,
2025/03/23 09:30:00,0,0,,,,,,,,,,,,
2025/03/23 09:35:00,0,0,,,,,,,,,,,,
2025/03/23 09:40:00,0,0,,,,,,,,,,,,
2025/03/23 09:45:00,0,0,,,,,,,,,,,,
2025/03/23 09:50:00,0,0,,,,,,,,,,,,
2025/03/23 09:55:00,0,0,,,,,,,,,,,,
2025/03/23 10:00:00,0,0,,,,,,,,,,,,
2025/03/23 10:05:00,0,0,,,,,,,,,,,,
2025/03/23 10:10:00,0,0,,,,,,,,,,,,
2025/03/23 10:15:00,0,0,,,,,,,,,,,,
2025/03/23 10:20:00,0,0,,,,,,,,,,,,
2025/03/23 10:25:00,0,0,,,,,,,,,,,,
2025/03/23 10:30:00,0,0,,,,,,,,,,,,
2025/03/23 10:35:00,0,0,,,,,,,,,,,,
2025/03/23 10:40:00,0,0,,,,,,,,,,,,
2025/03/23 10:45:00,0,0,,,,,,,,,,,,
2025/03/23 10:50:00,0,0,,,,,,,,,,,,
2025/03/23 10:55:00,0,0,,,,,,,,,,,,
2025/03/23 11:00:00,0,0,,,,,,,,,,,,
2025/03/23 11:05:00,0,0,,,,,,,,,,,,
2025/03/23 11:10:00,0,0,,,,,,,,,,,,
2025/03/23 11:15:00,0,0,,,,,,,,,,,,
2025/03/23 11:20:00,0,0,,,,,,,,,,,,
2025/03/23 11:25:00,0,0,,,,,,,,,,,,
2025/03/23 11:30:00,0,0,,,,,,,,,,,,
2025/03/23 11:35:00,0,0,,,,,,,,,,,,
2025/03/23 11:40:00,0,0,,,,,,,,,,,,
2025/03/23 11:45:00,0,0,,,,,,,,,,,,
2025/03/23 11:50:00,0,0,,,,,,,,,,,,
2025/03/23 11:55:00,0,0,,,,,,,,,,,,
2025/03/23 12:00:00,0,0,,,,,,,,,,,,
2025/03/23 12:05:00,0,0,,,,,,,,,,,,
2025/03/23 12:10:00,0,0,,,,,,,,,,,,
2025/03/23 12:15:00,0,0,,,,,,,,,,,,
2025/03/23 12:20:00,0,0,,,,,,,,,,,,
2025/03/23 12:25:00,0,0,,,,,,,,,,,,
2025/03/23 12:30:00,0,0,,,,,,,,,,,,
2025/03/23 12:35:00,0,0,,,,,,,,,,,,
2025/03/23 12:40:00,0,0,,,,,,,,,,,,
2025/03/23 12:45:00,0,0,,,,,,,,,,,,
2025/03/23 12:50:00,0,0,,,,,,,,,,,,
2025/03/23 12:55:00,0,0,,,,,,,,,,,,
2025/03/23 13:00:00,0,0,,,,,,,,,,,,
2025/03/23 13:05:00,0,0,,,,,,,,,,,,
2025/03/23 13:10:00,0,0,,,,,,,,,,,,
2025/03/23 13:15:00,0,0,,,,,,,,,,,,
2025/03/23 13:20:00,0,0,,,,,,,,,,,,
2025/03/23 13:25:00,0,0,,,,,,,,,,,,
2025/03/23 13:30:00,0,0,,,,,,,,,,,,
2025/03/23 13:35:00,0,0,,,,,,,,,,,,
2025/03/23 13:40:00,0,0,,,,,,,,,,,,
2025/03/23 13:45:00,0,0,,,,,,,,,,,,
2025/03/23 13:50:00,0,0,,,,,,,,,,,,
2025/03/23 13:55:00,0,0,,,,,,,,,,,,
2025/03/23 14:00:00,0,0,,,,,,,,,,,,
2025/03/23 14:05:00,0,0,,,,,,,,,,,,
2025/03/23 14:10:00,0,0,,,,,,,,,,,,
2025/03/23 14:15:00,0,0,,,,,,,,,,,,
2025/03/23 14:20:00,0,0,,,,,,,,,,,,
2025/03/23 14:25:00,0,0,,,,,,,,,,,,
2025/03/23 14:30:00,0,0,,,,,,,,,,,,
2025/03/23 14:35:00,0,0,,,,,,,,,,,,
2025/03/23 14:40:00,0,0,,,,,,,,,,,,
2025/03/23 14:45:00,0,0,,,,,,,,,,,,
2025/03/23 14:50:00,0,0,,,,,,,,,,,,
2025/03/23 14:55:00,0,0,,,,,,,,,,,,
2025/03/23 15:00:00,0,0,,,,,,,,,,,,
2025/03/23 15:05:00,0,0,,,,,,,,,,,,
2025/03/23 15:10:00,0,0,,,,,,,,,,,,
2025/03/23 15:15:00,0,0,,,,,,,,,,,,
2025/03/23 15:20:00,0,0,,,,,,,,,,,,
2025/03/23 15:25:00,0,0,,,,,,,,,,,,
2025/03/23 15:30:00,0,0,,,,,,,,,,,,
2025/03/23 15:35:00,0,0,,,,,,,,,,,,
2025/03/23 15:40:00,0,0,,,,,,,,,,,,
2025/03/23 15:45:00,0,0,,,,,,,,,,,,
2025/03/23 15:50:00,0,0,,,,,,,,,,,,
2025/03/23 15:55:00,0,0,,,,,,,,,,,,
2025/03/23 16:00:00,0,0,,,,,,,,,,,,
2025/03/23 16:05:00,0,0,,,,,,,,,,,,
2025/03/23 16:10:00,0,0,,,,,,,,,,,,
2025/03/23 16:15:00,0,0,,,,,,,,,,,,
2025/03/23 16:20:00,0,0,,,,,,,,,,,,
2025/03/23 16:25:00,0,0,,,,,,,,,,,,
2025/03/23 16:30:00,0,0,,,,,,,,,,,,
2025/03/23 16:35:00,0,0,,,,,,,,,,,,
2025/03/23 16:40:00,0,0,,,,,,,,,,,,
2025/03/23 16:45:00,0,0,,,,,,,,,,,,
2025/03/23 16:50:00,0,0,,,,,,,,,,,,
2025/03/23 16:55:00,0,0,,,,,,,,,,,,
2025/03/23 17:00:00,0,0,,,,,,,,,,,,
2025/03/23 17:05:00,0,0,,,,,,,,,,,,
2025/03/23 17:10:00,0,0,,,,,,,,,,,,
2025/03/23 17:15:00,0,0,,,,,,,,,,,,
2025/03/23 17:20:00,0,0,,,,,,,,,,,,
2025/03/23 17:25:00,0,0,,,,,,,,,,,,
2025/03/23 17:30:00,0,0,,,,,,,,,,,,
2025/03/23 17:35:00,0,0,,,,,,,,,,,,
2025/03/23 17:40:00,0,0,,,,,,,,,,,,
2025/03/23 17:45:00,0,0,,,,,,,,,,,,
2025/03/23 17:50:00,0,0,,,,,,,,,,,,
2025/03/23 17:55:00,0,0,,,,,,,,,,,,
2025/03/23 18:00:00,0,0,90,1,1,1573,1288713.9555555556,2963944.533333333,36.355555555555554,4.216917753999929,65.05,0,2317.3375,690.9173611111111
2025/03/23 18:05:00,0,0,,,,,,,,,,,,
2025/03/23 18:10:00,0,0,,,,,,,,,,,,
2025/03/23 18:15:00,0,0,,,,,,,,,,,,
2025/03/23 18:20:00,0,0,,,,,,,,,,,,
2025/03/23 18:25:00,0,0,,,,,,,,,,,,
2025/03/23 18:30:00,0,0,,,,,,,,,,,,
2025/03/23 18:35:00,0,0,,,,,,,,,,,,
2025/03/23 18:40:00,0,0,,,,,,,,,,,,
2025/03/23 18:45:00,0,0,,,,,,,,,,,,
2025/03/23 18:50:00,0,0,,,,,,,,,,,,
2025/03/23 18:55:00,0,0,,,,,,,,,,,,
2025/03/23 19:00:00,0,0,,,,,,,,,,,,
2025/03/23 19:05:00,0,0,,,,,,,,,,,,
2025/03/23 19:10:00,0,0,,,,,,,,,,,,
2025/03/23 19:15:00,0,0,,,,,,,,,,,,
2025/03/23 19:20:00,0,0,,,,,,,,,,,,
2025/03/23 19:25:00,0,0,,,,,,,,,,,,
2025/03/23 19:30:00,0,0,,,,,,,,,,,,
2025/03/23 19:35:00,0,0,,,,,,,,,,,,
2025/03/23 19:40:00,0,0,,,,,,,,,,,,
2025/03/23 19:45:00,0,0,,,,,,,,,,,,
2025/03/23 19:50:00,0,0,,,,,,,,,,,,
2025/03/23 19:55:00,0,0,,,,,,,,,,,,
2025/03/23 20:00:00,0,0,,,,,,,,,,,,
2025/03/23 20:05:00,0,0,,,,,,,,,,,,
2025/03/23 20:10:00,0,0,,,,,,,,,,,,
2025/03/23 20:15:00,0,0,,,,,,,,,,,,
2025/03/23 20:20:00,0,0,,,,,,,,,,,,
2025/03/23 20:25:00,0,0,,,,,,,,,,,,
2025/03/23 20:30:00,0,0,,,,,,,,,,,,
2025/03/23 20:35:00,0,0,,,,,,,,,,,,
2025/03/23 20:40:00,0,0,,,,,,,,,,,,
2025/03/23 20:45:00,0,0,,,,,,,,,,,,
2025/03/23 20:50:00,0,0,,,,,,,,,,,,
2025/03/23 20:55:00,0,0,,,,,,,,,,,,
2025/03/23 21:00:00,0,0,,,,,,,,,,,,
2025/03/23 21:05:00,0,0,,,,,,,,,,,,
2025/03/23 21:10:00,0,0,,,,,,,,,,,,
2025/03/23 21:15:00,0,0,,,,,,,,,,,,
2025/03/23 21:20:00,0,0,,,,,,,,,,,,
2025/03/23 21:25:00,0,0,,,,,,,,,,,,
2025/03/23 21:30:00,0,0,,,,,,,,,,,,
2025/03/23 21:35:00,0,0,,,,,,,,,,,,
2025/03/23 21:40:00,0,0,,,,,,,,,,,,
2025/03/23 21:45:00,0,0,,,,,,,,,,,,
2025/03/23 21:50:00,0,0,,,,,,,,,,,,
2025/03/23 21:55:00,0,0,,,,,,,,,,,,
2025/03/23 22:00:00,0,0,,,,,,,,,,,,
2025/03/23 22:05:00,0,0,,,,,,,,,,,,
2025/03/23 22:10:00,0,0,,,,,,,,,,,,
2025/03/23 22:15:00,0,0,,,,,,,,,,,,
2025/03/23 22:20:00,0,0,,,,,,,,,,,,
2025/03/23 22:25:00,0,0,,,,,,,,,,,,
2025/03/23 22:30:00,0,0,,,,,,,,,,,,
2025/03/23 22:35:00,0,0,,,,,,,,,,,,
2025/03/23 22:40:00,0,0,,,,,,,,,,,,
2025/03/23 22:45:00,0,0,,,,,,,,,,,,
2025/03/23 22:50:00,0,0,,,,,,,,,,,,
2025/03/23 22:55:00,0,0,,,,,,,,,,,,
2025/03/23 23:00:00,0,0,,,,,,,,,,,,
2025/03/23 23:05:00,0,0,,,,,,,,,,,,
2025/03/23 23:10:00,0,0,,,,,,,,,,,,
2025/03/23 23:15:00,0,0,,,,,,,,,,,,
2025/03/23 23:20:00,0,0,,,,,,,,,,,,
2025/03/23 23:25:00,0,0,,,,,,,,,,,,
2025/03/23 23:30:00,0,0,,,,,,,,,,,,
2025/03/23 23:35:00,0,0,,,,,,,,,,,,
2025/03/23 23:40:00,0,0,,,,,,,,,,,,
2025/03/23 23:45:00,0,0,,,,,,,,,,,,
2025/03/23 23:50:00,0,0,,,,,,,,,,,,
2025/03/23 23:55:00,0,0,,,,,,,,,,,,
2025/03/24 00:00:00,0,0,,,,,,,,,,,,
2025/03/24 00:05:00,0,0,,,,,,,,,,,,
2025/03/24 00:10:00,0,0,,,,,,,,,,,,
2025/03/24 00:15:00,0,0,,,,,,,,,,,,
2025/03/24 00:20:00,0,0,,,,,,,,,,,,
2025/03/24 00:25:00,0,0,,,,,,,,,,,,
2025/03/24 00:30:00,0,0,,,,,,,,,,,,
2025/03/24 00:35:00,0,0,,,,,,,,,,,,
2025/03/24 00:40:00,0,0,,,,,,,,,,,,
2025/03/24 00:45:00,0,0,,,,,,,,,,,,
2025/03/24 00:50:00,0,0,,,,,,,,,,,,
2025/03/24 00:55:00,0,0,,,,,,,,,,,,
2025/03/24 01:00:00,0,0,,,,,,,,,,,,
2025/03/24 01:05:00,0,0,,,,,,,,,,,,
2025/03/24 01:10:00,0,0,,,,,,,,,,,,
2025/03/24 01:15:00,0,0,,,,,,,,,,,,
2025/03/24 01:20:00,0,0,,,,,,,,,,,,
2025/03/24 01:25:00,0,0,,,,,,,,,,,,
2025/03/24 01:30:00,0,0,,,,,,,,,,,,
2025/03/24 01:35:00,0,0,,,,,,,,,,,,
2025/03/24 01:40:00,0,0,,,,,,,,,,,,
2025/03/24 01:45:00,0,0,,,,,,,,,,,,
2025/03/24 01:50:00,0,0,,,,,,,,,,,,
2025/03/24 01:55:00,0,0,,,,,,,,,,,,
2025/03/24 02:00:00,0,0,,,,,,,,,,,,
2025/03/24 02:05:00,0,0,,,,,,,,,,,,
2025/03/24 02:10:00,0,0,,,,,,,,,,,,
2025/03/24 02:15:00,0,0,,,,,,,,,,,,
2025/03/24 02:20:00,0,0,,,,,,,,,,,,
2025/03/24 02:25:00,0,0,,,,,,,,,,,,
2025/03/24 02:30:00,0,0,,,,,,,,,,,,
2025/03/24 02:35:00,0,0,,,,,,,,,,,,
2025/03/24 02:40:00,0,0,,,,,,,,,,,,
2025/03/24 02:45:00,0,0,,,,,,,,,,,,
2025/03/24 02:50:00,0,0,,,,,,,,,,,,
2025/03/24 02:55:00,0,0,,,,,,,,,,,,
2025/03/24 03:00:00,0,0,,,,,,,,,,,,
2025/03/24 03:05:00,0,0,,,,,,,,,,,,
2025/03/24 03:10:00,0,0,,,,,,,,,,,,
2025/03/24 03:15:00,0,0,,,,,,,,,,,,
2025/03/24 03:20:00,0,0,,,,,,,,,,,,
2025/03/24 03:25:00,0,0,,,,,,,,,,,,
2025/03/24 03:30:00,0,0,,,,,,,,,,,,
2025/03/24 03:35:00,0,0,,,,,,,,,,,,
2025/03/24 03:40:00,0,0,,,,,,,,,,,,
2025/03/24 03:45:00,0,0,,,,,,,,,,,,
2025/03/24 03:50:00,0,0,,,,,,,,,,,,
2025/03/24 03:55:00,0,0,,,,,,,,,,,,
2025/03/24 04:00:00,0,0,,,,,,,,,,,,
2025/03/24 04:05:00,0,0,,,,,,,,,,,,
2025/03/24 04:10:00,0,0,,,,,,,,,,,,
2025/03/24 04:15:00,0,0,,,,,,,,,,,,
2025/03/24 04:20:00,0,0,,,,,,,,,,,,
2025/03/24 04:25:00,0,0,,,,,,,,,,,,
2025/03/24 04:30:00,0,0,,,,,,,,,,,,
2025/03/24 04:35:00,0,0,,,,,,,,,,,,
2025/03/24 04:40:00,0,0,,,,,,,,,,,,
2025/03/24 04:45:00,0,0,,,,,,,,,,,,
2025/03/24 04:50:00,0,0,,,,,,,,,,,,
2025/03/24 04:55:00,0,0,,,,,,,,,,,,
2025/03/24 05:00:00,0,0,,,,,,,,,,,,
2025/03/24 05:05:00,0,0,,,,,,,,,,,,
2025/03/24 05:10:00,0,0,,,,,,,,,,,,
2025/03/24 05:15:00,0,0,,,,,,,,,,,,
2025/03/24 05:20:00,0,0,,,,,,,,,,,,
2025/03/24 05:25:00,0,0,,,,,,,,,,,,
2025/03/24 05:30:00,0,0,,,,,,,,,,,,
2025/03/24 05:35:00,0,0,,,,,,,,,,,,
2025/03/24 05:40:00,0,0,,,,,,,,,,,,
2025/03/24 05:45:00,0,0,,,,,,,,,,,,
2025/03/24 05:50:00,0,0,,,,,,,,,,,,
2025/03/24 05:55:00,0,0,,,,,,,,,,,,
2025/03/24 06:00:00,0,0,,,,,,,,,,,,
2025/03/24 06:05:00,0,0,,,,,,,,,,,,
2025/03/24 06:10:00,0,0,,,,,,,,,,,,
2025/03/24 06:15:00,0,0,,,,,,,,,,,,
2025/03/24 06:20:00,0,0,,,,,,,,,,,,
2025/03/24 06:25:00,0,0,,,,,,,,,,,,
2025/03/24 06:30:00,0,0,,,,,,,,,,,,
2025/03/24 06:35:00,0,0,,,,,,,,,,,,
2025/03/24 06:40:00,0,0,,,,,,,,,,,,
2025/03/24 06:45:00,0,0,,,,,,,,,,,,
2025/03/24 06:50:00,0,0,,,,,,,,,,,,
2025/03/24 06:55:00,0,0,,,,,,,,,,,,
2025/03/24 07:00:00,0,0,,,,,,,,,,,,
2025/03/24 07:05:00,0,0,,,,,,,,,,,,
2025/03/24 07:10:00,0,0,,,,,,,,,,,,
2025/03/24 07:15:00,0,0,,,,,,,,,,,,
2025/03/24 07:20:00,0,0,,,,,,,,,,,,
2025/03/24 07:25:00,0,0,,,,,,,,,,,,
2025/03/24 07:30:00,0,0,,,,,,,,,,,,
2025/03/24 07:35:00,0,0,,,,,,,,,,,,
2025/03/24 07:40:00,0,0,,,,,,,,,,,,
2025/03/24 07:45:00,0,0,,,,,,,,,,,,
2025/03/24 07:50:00,0,0,,,,,,,,,,,,
2025/03/24 07:55:00,0,0,,,,,,,,,,,,
2025/03/24 08:00:00,0,0,,,,,,,,,,,,
2025/03/24 08:05:00,0,0,,,,,,,,,,,,
2025/03/24 08:10:00,0,0,,,,,,,,,,,,
2025/03/24 08:15:00,0,0,,,,,,,,,,,,
2025/03/24 08:20:00,0,0,,,,,,,,,,,,
2025/03/24 08:25:00,0,0,,,,,,,,,,,,
2025/03/24 08:30:00,0,0,,,,,,,,,,,,
2025/03/24 08:35:00,0,0,,,,,,,,,,,,
2025/03/24 08:40:00,0,0,,,,,,,,,,,,
2025/03/24 08:45:00,0,0,,,,,,,,,,,,
2025/03/24 08:50:00,0,0,,,,,,,,,,,,
2025/03/24 08:55:00,0,0,,,,,,,,,,,,
2025/03/24 09:00:00,0,0,,,,,,,,,,,,
2025/03/24 09:05:00,0,0,,,,,,,,,,,,
2025/03/24 09:10:00,0,0,,,,,,,,,,,,
2025/03/24 09:15:00,0,0,,,,,,,,,,,,
2025/03/24 09:20:00,0,0,,,,,,,,,,,,
2025/03/24 09:25:00,0,0,,,,,,,,,,,,
2025/03/24 09:30:00,0,0,,,,,,,,,,,,
2025/03/24 09:35:00,0,0,,,,,,,,,,,,
2025/03/24 09:40:00,0,0,,,,,,,,,,,,
2025/03/24 09:45:00,0,0,,,,,,,,,,,,
2025/03/24 09:50:00,0,0,,,,,,,,,,,,
2025/03/24 09:55:00,0,0,,,,,,,,,,,,
2025/03/24 10:00:00,0,0,,,,,,,,,,,,
2025/03/24 10:05:00,0,0,,,,,,,,,,,,
2025/03/24 10:10:00,0,0,,,,,,,,,,,,
2025/03/24 10:15:00,0,0,,,,,,,,,,,,
2025/03/24 10:20:00,0,0,,,,,,,,,,,,
2025/03/24 10:25:00,0,0,,,,,,,,,,,,
2025/03/24 10:30:00,0,0,,,,,,,,,,,,
2025/03/24 10:35:00,0,0,,,,,,,,,,,,
2025/03/24 10:40:00,0,0,,,,,,,,,,,,
2025/03/24 10:45:00,0,0,,,,,,,,,,,,
2025/03/24 10:50:00,0,0,,,,,,,,,,,,
2025/03/24 10:55:00,0,0,,,,,,,,,,,,
2025/03/24 11:00:00,0,0,,,,,,,,,,,,
2025/03/24 11:05:00,0,0,,,,,,,,,,,,
2025/03/24 11:10:00,0,0,,,,,,,,,,,,
2025/03/24 11:15:00,0,0,,,,,,,,,,,,
2025/03/24 11:20:00,0,0,,,,,,,,,,,,
2025/03/24 11:25:00,0,0,,,,,,,,,,,,
2025/03/24 11:30:00,0,0,,,,,,,,,,,,
2025/03/24 11:35:00,0,0,,,,,,,,,,,,
2025/03/24 11:40:00,0,0,,,,,,,,,,,,
2025/03/24 11:45:00,0,0,,,,,,,,,,,,
2025/03/24 11:50:00,0,0,,,,,,,,,,,,
2025/03/24 11:55:00,0,0,,,,,,,,,,,,
2025/03/24 12:00:00,0,0,,,,,,,,,,,,
2025/03/24 12:05:00,0,0,,,,,,,,,,,,
2025/03/24 12:10:00,0,0,,,,,,,,,,,,
2025/03/24 12:15:00,0,0,,,,,,,,,,,,
2025/03/24 12:20:00,0,0,,,,,,,,,,,,
2025/03/24 12:25:00,0,0,,,,,,,,,,,,
2025/03/24 12:30:00,0,0,,,,,,,,,,,,
2025/03/24 12:35:00,0,0,,,,,,,,,,,,
2025/03/24 12:40:00,0,0,,,,,,,,,,,,
2025/03/24 12:45:00,0,0,,,,,,,,,,,,
2025/03/24 12:50:00,0,0,,,,,,,,,,,,
2025/03/24 12:55:00,0,0,,,,,,,,,,,,
2025/03/24 13:00:00,0,0,,,,,,,,,,,,
2025/03/24 13:05:00,0,0,,,,,,,,,,,,
2025/03/24 13:10:00,0,0,,,,,,,,,,,,
2025/03/24 13:15:00,0,0,,,,,,,,,,,,
2025/03/24 13:20:00,0,0,,,,,,,,,,,,
2025/03/24 13:25:00,0,0,,,,,,,,,,,,
2025/03/24 13:30:00,0,0,,,,,,,,,,,,
2025/03/24 13:35:00,0,0,,,,,,,,,,,,
2025/03/24 13:40:00,0,0,,,,,,,,,,,,
2025/03/24 13:45:00,0,0,,,,,,,,,,,,
2025/03/24 13:50:00,0,0,,,,,,,,,,,,
2025/03/24 13:55:00,0,0,,,,,,,,,,,,
2025/03/24 14:00:00,0,0,,,,,,,,,,,,
2025/03/24 14:05:00,0,0,,,,,,,,,,,,
2025/03/24 14:10:00,0,0,,,,,,,,,,,,
2025/03/24 14:15:00,0,0,,,,,,,,,,,,
2025/03/24 14:20:00,0,0,,,,,,,,,,,,
2025/03/24 14:25:00,0,0,,,,,,,,,,,,
2025/03/24 14:30:00,0,0,,,,,,,,,,,,
2025/03/24 14:35:00,0,0,,,,,,,,,,,,
2025/03/24 14:40:00,0,0,,,,,,,,,,,,
2025/03/24 14:45:00,0,0,,,,,,,,,,,,
2025/03/24 14:50:00,0,0,,,,,,,,,,,,
2025/03/24 14:55:00,0,0,,,,,,,,,,,,
2025/03/24 15:00:00,0,0,,,,,,,,,,,,
2025/03/24 15:05:00,0,0,,,,,,,,,,,,
2025/03/24 15:10:00,0,0,,,,,,,,,,,,
2025/03/24 15:15:00,0,0,,,,,,,,,,,,
2025/03/24 15:20:00,0,0,,,,,,,,,,,,
2025/03/24 15:25:00,0,0,,,,,,,,,,,,
2025/03/24 15:30:00,0,0,,,,,,,,,,,,
2025/03/24 15:35:00,0,0,,,,,,,,,,,,
2025/03/24 15:40:00,0,0,,,,,,,,,,,,
2025/03/24 15:45:00,0,0,,,,,,,,,,,,
2025/03/24 15:50:00,0,0,,,,,,,,,,,,
2025/03/24 15:55:00,0,0,,,,,,,,,,,,
2025/03/24 16:00:00,0,0,,,,,,,,,,,,
2025/03/24 16:05:00,0,0,,,,,,,,,,,,
2025/03/24 16:10:00,0,0,,,,,,,,,,,,
2025/03/24 16:15:00,0,0,,,,,,,,,,,,
2025/03/24 16:20:00,0,0,,,,,,,,,,,,
2025/03/24 16:25:00,0,0,,,,,,,,,,,,
2025/03/24 16:30:00,0,0,,,,,,,,,,,,
2025/03/24 16:35:00,0,0,,,,,,,,,,,,
2025/03/24 16:40:00,0,0,,,,,,,,,,,,
2025/03/24 16:45:00,0,0,,,,,,,,,,,,
2025/03/24 16:50:00,0,0,,,,,,,,,,,,
2025/03/24 16:55:00,0,0,,,,,,,,,,,,
2025/03/24 17:00:00,0,0,,,,,,,,,,,,
2025/03/24 17:05:00,0,0,,,,,,,,,,,,
2025/03/24 17:10:00,0,0,,,,,,,,,,,,
2025/03/24 17:15:00,0,0,,,,,,,,,,,,
2025/03/24 17:20:00,0,0,,,,,,,,,,,,
2025/03/24 17:25:00,0,0,,,,,,,,,,,,
2025/03/24 17:30:00,0,0,,,,,,,,,,,,
2025/03/24 17:35:00,0,0,,,,,,,,,,,,
2025/03/24 17:40:00,0,0,,,,,,,,,,,,
2025/03/24 17:45:00,0,0,,,,,,,,,,,,
2025/03/24 17:50:00,0,0,,,,,,,,,,,,
2025/03/24 17:55:00,0,0,,,,,,,,,,,,
2025/03/24 18:00:00,0,0,90,1,1,1573,1210523.3777777778,2864216.533333333,35.59305555555556,4.198827571789491,64.09513888888888,0,1963.2800555941626,689.642807505212
2025/03/24 18:05:00,0,0,,,,,,,,,,,,
2025/03/24 18:10:00,0,0,,,,,,,,,,,,
2025/03/24 18:15:00,0,0,,,,,,,,,,,,
2025/03/24 18:20:00,0,0,,,,,,,,,,,,
2025/03/24 18:25:00,0,0,,,,,,,,,,,,
2025/03/24 18:30:00,0,0,,,,,,,,,,,,
2025/03/24 18:35:00,0,0,,,,,,,,,,,,
2025/03/24 18:40:00,0,0,,,,,,,,,,,,
2025/03/24 18:45:00,0,0,,,,,,,,,,,,
2025/03/24 18:50:00,0,0,,,,,,,,,,,,
2025/03/24 18:55:00,0,0,,,,,,,,,,,,
2025/03/24 19:00:00,0,0,,,,,,,,,,,,
2025/03/24 19:05:00,0,0,,,,,,,,,,,,
2025/03/24 19:10:00,0,0,,,,,,,,,,,,
2025/03/24 19:15:00,0,0,,,,,,,,,,,,
2025/03/24 19:20:00,0,0,,,,,,,,,,,,
2025/03/24 19:25:00,0,0,,,,,,,,,,,,
2025/03/24 19:30:00,0,0,,,,,,,,,,,,
2025/03/24 19:35:00,0,0,,,,,,,,,,,,
2025/03/24 19:40:00,0,0,,,,,,,,,,,,
2025/03/24 19:45:00,0,0,,,,,,,,,,,,
2025/03/24 19:50:00,0,0,,,,,,,,,,,,
2025/03/24 19:55:00,0,0,,,,,,,,,,,,
2025/03/24 20:00:00,0,0,,,,,,,,,,,,
2025/03/24 20:05:00,0,0,,,,,,,,,,,,
2025/03/24 20:10:00,0,0,,,,,,,,,,,,
2025/03/24 20:15:00,0,0,,,,,,,,,,,,
2025/03/24 20:20:00,0,0,,,,,,,,,,,,
2025/03/24 20:25:00,0,0,,,,,,,,,,,,
2025/03/24 20:30:00,0,0,,,,,,,,,,,,
2025/03/24 20:35:00,0,0,,,,,,,,,,,,
2025/03/24 20:40:00,0,0,,,,,,,,,,,,
2025/03/24 20:45:00,0,0,,,,,,,,,,,,
2025/03/24 20:50:00,0,0,,,,,,,,,,,,
2025/03/24 20:55:00,0,0,,,,,,,,,,,,
2025/03/24 21:00:00,0,0,,,,,,,,,,,,
2025/03/24 21:05:00,0,0,,,,,,,,,,,,
2025/03/24 21:10:00,0,0,,,,,,,,,,,,
2025/03/24 21:15:00,0,0,,,,,,,,,,,,
2025/03/24 21:20:00,0,0,,,,,,,,,,,,
2025/03/24 21:25:00,0,0,,,,,,,,,,,,
2025/03/24 21:30:00,0,0,,,,,,,,,,,,
2025/03/24 21:35:00,0,0,,,,,,,,,,,,
2025/03/24 21:40:00,0,0,,,,,,,,,,,,
2025/03/24 21:45:00,0,0,,,,,,,,,,,,
2025/03/24 21:50:00,0,0,,,,,,,,,,,,
2025/03/24 21:55:00,0,0,,,,,,,,,,,,
2025/03/24 22:00:00,0,0,,,,,,,,,,,,
2025/03/24 22:05:00,0,0,,,,,,,,,,,,
2025/03/24 22:10:00,0,0,,,,,,,,,,,,
2025/03/24 22:15:00,0,0,,,,,,,,,,,,
2025/03/24 22:20:00,0,0,,,,,,,,,,,,
2025/03/24 22:25:00,0,0,,,,,,,,,,,,
2025/03/24 22:30:00,0,0,,,,,,,,,,,,
2025/03/24 22:35:00,0,0,,,,,,,,,,,,
2025/03/24 22:40:00,0,0,,,,,,,,,,,,
2025/03/24 22:45:00,0,0,,,,,,,,,,,,
2025/03/24 22:50:00,0,0,,,,,,,,,,,,
2025/03/24 22:55:00,0,0,,,,,,,,,,,,
2025/03/24 23:00:00,0,0,,,,,,,,,,,,
2025/03/24 23:05:00,0,0,,,,,,,,,,,,
2025/03/24 23:10:00,0,0,,,,,,,,,,,,
2025/03/24 23:15:00,0,0,,,,,,,,,,,,
2025/03/24 23:20:00,0,0,,,,,,,,,,,,
2025/03/24 23:25:00,0,0,,,,,,,,,,,,
2025/03/24 23:30:00,0,0,,,,,,,,,,,,
2025/03/24 23:35:00,0,0,,,,,,,,,,,,
2025/03/24 23:40:00,0,0,,,,,,,,,,,,
2025/03/24 23:45:00,0,0,,,,,,,,,,,,
2025/03/24 23:50:00,0,0,,,,,,,,,,,,
2025/03/24 23:55:00,0,0,,,,,,,,,,,,
2025/03/25 00:00:00,0,0,,,,,,,,,,,,
2025/03/25 00:05:00,0,0,,,,,,,,,,,,
2025/03/25 00:10:00,0,0,,,,,,,,,,,,
2025/03/25 00:15:00,0,0,,,,,,,,,,,,
2025/03/25 00:20:00,0,0,,,,,,,,,,,,
2025/03/25 00:25:00,0,0,,,,,,,,,,,,
2025/03/25 00:30:00,0,0,,,,,,,,,,,,
2025/03/25 00:35:00,0,0,,,,,,,,,,,,
2025/03/25 00:40:00,0,0,,,,,,,,,,,,
2025/03/25 00:45:00,0,0,,,,,,,,,,,,
2025/03/25 00:50:00,0,0,,,,,,,,,,,,
2025/03/25 00:55:00,0,0,,,,,,,,,,,,
2025/03/25 01:00:00,0,0,,,,,,,,,,,,
2025/03/25 01:05:00,0,0,,,,,,,,,,,,
2025/03/25 01:10:00,0,0,,,,,,,,,,,,
2025/03/25 01:15:00,0,0,,,,,,,,,,,,
2025/03/25 01:20:00,0,0,,,,,,,,,,,,
2025/03/25 01:25:00,0,0,,,,,,,,,,,,
2025/03/25 01:30:00,0,0,,,,,,,,,,,,
2025/03/25 01:35:00,0,0,,,,,,,,,,,,
2025/03/25 01:40:00,0,0,,,,,,,,,,,,
2025/03/25 01:45:00,0,0,,,,,,,,,,,,
2025/03/25 01:50:00,0,0,,,,,,,,,,,,
2025/03/25 01:55:00,0,0,,,,,,,,,,,,
2025/03/25 02:00:00,0,0,,,,,,,,,,,,
2025/03/25 02:05:00,0,0,,,,,,,,,,,,
2025/03/25 02:10:00,0,0,,,,,,,,,,,,
2025/03/25 02:15:00,0,0,,,,,,,,,,,,
2025/03/25 02:20:00,0,0,,,,,,,,,,,,
2025/03/25 02:25:00,0,0,,,,,,,,,,,,
2025/03/25 02:30:00,0,0,,,,,,,,,,,,
2025/03/25 02:35:00,0,0,,,,,,,,,,,,
2025/03/25 02:40:00,0,0,,,,,,,,,,,,
2025/03/25 02:45:00,0,0,,,,,,,,,,,,
2025/03/25 02:50:00,0,0,,,,,,,,,,,,
2025/03/25 02:55:00,0,0,,,,,,,,,,,,
2025/03/25 03:00:00,0,0,,,,,,,,,,,,
2025/03/25 03:05:00,0,0,,,,,,,,,,,,
2025/03/25 03:10:00,0,0,,,,,,,,,,,,
2025/03/25 03:15:00,0,0,,,,,,,,,,,,
2025/03/25 03:20:00,0,0,,,,,,,,,,,,
2025/03/25 03:25:00,0,0,,,,,,,,,,,,
2025/03/25 03:30:00,0,0,,,,,,,,,,,,
2025/03/25 03:35:00,0,0,,,,,,,,,,,,
2025/03/25 03:40:00,0,0,,,,,,,,,,,,
2025/03/25 03:45:00,0,0,,,,,,,,,,,,
2025/03/25 03:50:00,0,0,,,,,,,,,,,,
2025/03/25 03:55:00,0,0,,,,,,,,,,,,
2025/03/25 04:00:00,0,0,,,,,,,,,,,,
2025/03/25 04:05:00,0,0,,,,,,,,,,,,
2025/03/25 04:10:00,0,0,,,,,,,,,,,,
2025/03/25 04:15:00,0,0,,,,,,,,,,,,
2025/03/25 04:20:00,0,0,,,,,,,,,,,,
2025/03/25 04:25:00,0,0,,,,,,,,,,,,
2025/03/25 04:30:00,0,0,,,,,,,,,,,,
2025/03/25 04:35:00,0,0,,,,,,,,,,,,
2025/03/25 04:40:00,0,0,,,,,,,,,,,,
2025/03/25 04:45:00,0,0,,,,,,,,,,,,
2025/03/25 04:50:00,0,0,,,,,,,,,,,,
2025/03/25 04:55:00,0,0,,,,,,,,,,,,
2025/03/25 05:00:00,0,0,,,,,,,,,,,,
2025/03/25 05:05:00,0,0,,,,,,,,,,,,
2025/03/25 05:10:00,0,0,,,,,,,,,,,,
2025/03/25 05:15:00,0,0,,,,,,,,,,,,
2025/03/25 05:20:00,0,0,,,,,,,,,,,,
2025/03/25 05:25:00,0,0,,,,,,,,,,,,
2025/03/25 05:30:00,0,0,,,,,,,,,,,,
2025/03/25 05:35:00,0,0,,,,,,,,,,,,
2025/03/25 05:40:00,0,0,,,,,,,,,,,,
2025/03/25 05:45:00,0,0,,,,,,,,,,,,
2025/03/25 05:50:00,0,0,,,,,,,,,,,,
2025/03/25 05:55:00,0,0,,,,,,,,,,,,
2025/03/25 06:00:00,0,0,,,,,,,,,,,,
2025/03/25 06:05:00,0,0,,,,,,,,,,,,
2025/03/25 06:10:00,0,0,,,,,,,,,,,,
2025/03/25 06:15:00,0,0,,,,,,,,,,,,
2025/03/25 06:20:00,0,0,,,,,,,,,,,,
2025/03/25 06:25:00,0,0,,,,,,,,,,,,
2025/03/25 06:30:00,0,0,,,,,,,,,,,,
2025/03/25 06:35:00,0,0,,,,,,,,,,,,
2025/03/25 06:40:00,0,0,,,,,,,,,,,,
2025/03/25 06:45:00,0,0,,,,,,,,,,,,
2025/03/25 06:50:00,0,0,,,,,,,,,,,,
2025/03/25 06:55:00,0,0,,,,,,,,,,,,
2025/03/25 07:00:00,0,0,,,,,,,,,,,,
2025/03/25 07:05:00,0,0,,,,,,,,,,,,
2025/03/25 07:10:00,0,0,,,,,,,,,,,,
2025/03/25 07:15:00,0,0,,,,,,,,,,,,
2025/03/25 07:20:00,0,0,,,,,,,,,,,,
2025/03/25 07:25:00,0,0,,,,,,,,,,,,
2025/03/25 07:30:00,0,0,,,,,,,,,,,,
2025/03/25 07:35:00,0,0,,,,,,,,,,,,
2025/03/25 07:40:00,0,0,,,,,,,,,,,,
2025/03/25 07:45:00,0,0,,,,,,,,,,,,
2025/03/25 07:50:00,0,0,,,,,,,,,,,,
2025/03/25 07:55:00,0,0,,,,,,,,,,,,
2025/03/25 08:00:00,0,0,,,,,,,,,,,,
2025/03/25 08:05:00,0,0,,,,,,,,,,,,
2025/03/25 08:10:00,0,0,,,,,,,,,,,,
2025/03/25 08:15:00,0,0,,,,,,,,,,,,
2025/03/25 08:20:00,0,0,,,,,,,,,,,,
2025/03/25 08:25:00,0,0,,,,,,,,,,,,
2025/03/25 08:30:00,0,0,,,,,,,,,,,,
2025/03/25 08:35:00,0,0,,,,,,,,,,,,
2025/03/25 08:40:00,0,0,,,,,,,,,,,,
2025/03/25 08:45:00,0,0,,,,,,,,,,,,
2025/03/25 08:50:00,0,0,,,,,,,,,,,,
2025/03/25 08:55:00,0,0,,,,,,,,,,,,
2025/03/25 09:00:00,0,0,,,,,,,,,,,,
2025/03/25 09:05:00,0,0,,,,,,,,,,,,
2025/03/25 09:10:00,0,0,,,,,,,,,,,,
2025/03/25 09:15:00,0,0,,,,,,,,,,,,
2025/03/25 09:20:00,0,0,,,,,,,,,,,,
2025/03/25 09:25:00,0,0,,,,,,,,,,,,
2025/03/25 09:30:00,0,0,,,,,,,,,,,,
2025/03/25 09:35:00,0,0,,,,,,,,,,,,
2025/03/25 09:40:00,0,0,,,,,,,,,,,,
2025/03/25 09:45:00,0,0,,,,,,,,,,,,
2025/03/25 09:50:00,0,0,,,,,,,,,,,,
2025/03/25 09:55:00,0,0,,,,,,,,,,,,
2025/03/25 10:00:00,0,0,,,,,,,,,,,,
2025/03/25 10:05:00,0,0,,,,,,,,,,,,
2025/03/25 10:10:00,0,0,,,,,,,,,,,,
2025/03/25 10:15:00,0,0,,,,,,,,,,,,
2025/03/25 10:20:00,0,0,,,,,,,,,,,,
2025/03/25 10:25:00,0,0,,,,,,,,,,,,
2025/03/25 10:30:00,0,0,,,,,,,,,,,,
2025/03/25 10:35:00,0,0,,,,,,,,,,,,
2025/03/25 10:40:00,0,0,,,,,,,,,,,,
2025/03/25 10:45:00,0,0,,,,,,,,,,,,
2025/03/25 10:50:00,0,0,,,,,,,,,,,,
2025/03/25 10:55:00,0,0,,,,,,,,,,,,
2025/03/25 11:00:00,0,0,,,,,,,,,,,,
2025/03/25 11:05:00,0,0,,,,,,,,,,,,
2025/03/25 11:10:00,0,0,,,,,,,,,,,,
2025/03/25 11:15:00,0,0,,,,,,,,,,,,
2025/03/25 11:20:00,0,0,,,,,,,,,,,,
2025/03/25 11:25:00,0,0,,,,,,,,,,,,
2025/03/25 11:30:00,0,0,,,,,,,,,,,,
2025/03/25 11:35:00,0,0,,,,,,,,,,,,
2025/03/25 11:40:00,0,0,,,,,,,,,,,,
2025/03/25 11:45:00,0,0,,,,,,,,,,,,
2025/03/25 11:50:00,0,0,,,,,,,,,,,,
2025/03/25 11:55:00,0,0,,,,,,,,,,,,
2025/03/25 12:00:00,0,0,,,,,,,,,,,,
2025/03/25 12:05:00,0,0,,,,,,,,,,,,
2025/03/25 12:10:00,0,0,,,,,,,,,,,,
2025/03/25 12:15:00,0,0,,,,,,,,,,,,
2025/03/25 12:20:00,0,0,,,,,,,,,,,,
2025/03/25 12:25:00,0,0,,,,,,,,,,,,
2025/03/25 12:30:00,0,0,,,,,,,,,,,,
2025/03/25 12:35:00,0,0,,,,,,,,,,,,
2025/03/25 12:40:00,0,0,,,,,,,,,,,,
2025/03/25 12:45:00,0,0,,,,,,,,,,,,
2025/03/25 12:50:00,0,0,,,,,,,,,,,,
2025/03/25 12:55:00,0,0,,,,,,,,,,,,
2025/03/25 13:00:00,0,0,,,,,,,,,,,,
2025/03/25 13:05:00,0,0,,,,,,,,,,,,
2025/03/25 13:10:00,0,0,,,,,,,,,,,,
2025/03/25 13:15:00,0,0,,,,,,,,,,,,
2025/03/25 13:20:00,0,0,,,,,,,,,,,,
2025/03/25 13:25:00,0,0,,,,,,,,,,,,
2025/03/25 13:30:00,0,0,,,,,,,,,,,,
2025/03/25 13:35:00,0,0,,,,,,,,,,,,
2025/03/25 13:40:00,0,0,,,,,,,,,,,,
2025/03/25 13:45:00,0,0,,,,,,,,,,,,
2025/03/25 13:50:00,0,0,,,,,,,,,,,,
2025/03/25 13:55:00,0,0,,,,,,,,,,,,
2025/03/25 14:00:00,0,0,,,,,,,,,,,,
2025/03/25 14:05:00,0,0,,,,,,,,,,,,
2025/03/25 14:10:00,0,0,,,,,,,,,,,,
2025/03/25 14:15:00,0,0,,,,,,,,,,,,
2025/03/25 14:20:00,0,0,,,,,,,,,,,,
2025/03/25 14:25:00,0,0,,,,,,,,,,,,
2025/03/25 14:30:00,0,0,,,,,,,,,,,,
2025/03/25 14:35:00,0,0,,,,,,,,,,,,
2025/03/25 14:40:00,0,0,,,,,,,,,,,,
2025/03/25 14:45:00,0,0,,,,,,,,,,,,
2025/03/25 14:50:00,0,0,,,,,,,,,,,,
2025/03/25 14:55:00,0,0,,,,,,,,,,,,
2025/03/25 15:00:00,0,0,,,,,,,,,,,,
2025/03/25 15:05:00,0,0,,,,,,,,,,,,
2025/03/25 15:10:00,0,0,,,,,,,,,,,,
2025/03/25 15:15:00,0,0,,,,,,,,,,,,
2025/03/25 15:20:00,0,0,,,,,,,,,,,,
2025/03/25 15:25:00,0,0,,,,,,,,,,,,
2025/03/25 15:30:00,0,0,,,,,,,,,,,,
2025/03/25 15:35:00,0,0,,,,,,,,,,,,
2025/03/25 15:40:00,0,0,,,,,,,,,,,,
2025/03/25 15:45:00,0,0,,,,,,,,,,,,
2025/03/25 15:50:00,0,0,,,,,,,,,,,,
2025/03/25 15:55:00,0,0,,,,,,,,,,,,
2025/03/25 16:00:00,0,0,,,,,,,,,,,,
2025/03/25 16:05:00,0,0,,,,,,,,,,,,
2025/03/25 16:10:00,0,0,,,,,,,,,,,,
2025/03/25 16:15:00,0,0,,,,,,,,,,,,
2025/03/25 16:20:00,0,0,,,,,,,,,,,,
2025/03/25 16:25:00,0,0,,,,,,,,,,,,
2025/03/25 16:30:00,0,0,,,,,,,,,,,,
2025/03/25 16:35:00,0,0,,,,,,,,,,,,
2025/03/25 16:40:00,0,0,,,,,,,,,,,,
2025/03/25 16:45:00,0,0,,,,,,,,,,,,
2025/03/25 16:50:00,0,0,,,,,,,,,,,,
2025/03/25 16:55:00,0,0,,,,,,,,,,,,
2025/03/25 17:00:00,0,0,,,,,,,,,,,,
2025/03/25 17:05:00,0,0,,,,,,,,,,,,
2025/03/25 17:10:00,0,0,,,,,,,,,,,,
2025/03/25 17:15:00,0,0,,,,,,,,,,,,
2025/03/25 17:20:00,0,0,,,,,,,,,,,,
2025/03/25 17:25:00,0,0,,,,,,,,,,,,
2025/03/25 17:30:00,0,0,,,,,,,,,,,,
2025/03/25 17:35:00,0,0,,,,,,,,,,,,
2025/03/25 17:40:00,0,0,,,,,,,,,,,,
2025/03/25 17:45:00,0,0,,,,,,,,,,,,
2025/03/25 17:50:00,0,0,,,,,,,,,,,,
2025/03/25 17:55:00,0,0,,,,,,,,,,,,
2025/03/25 18:00:00,0,0,90,1,1,1573,1302848.5781792912,2936338.1459346768,38.32105628908965,4.168923543048763,66.07227241139681,0,2763.2180555555556,937.7138888888888
2025/03/25 18:05:00,0,0,,,,,,,,,,,,
2025/03/25 18:10:00,0,0,,,,,,,,,,,,
2025/03/25 18:15:00,0,0,,,,,,,,,,,,
2025/03/25 18:20:00,0,0,,,,,,,,,,,,
2025/03/25 18:25:00,0,0,,,,,,,,,,,,
2025/03/25 18:30:00,0,0,,,,,,,,,,,,
2025/03/25 18:35:00,0,0,,,,,,,,,,,,
2025/03/25 18:40:00,0,0,,,,,,,,,,,,
2025/03/25 18:45:00,0,0,,,,,,,,,,,,
2025/03/25 18:50:00,0,0,,,,,,,,,,,,
2025/03/25 18:55:00,0,0,,,,,,,,,,,,
2025/03/25 19:00:00,0,0,,,,,,,,,,,,
2025/03/25 19:05:00,0,0,,,,,,,,,,,,
2025/03/25 19:10:00,0,0,,,,,,,,,,,,
2025/03/25 19:15:00,0,0,,,,,,,,,,,,
2025/03/25 19:20:00,0,0,,,,,,,,,,,,
2025/03/25 19:25:00,0,0,,,,,,,,,,,,
2025/03/25 19:30:00,0,0,,,,,,,,,,,,
2025/03/25 19:35:00,0,0,,,,,,,,,,,,
2025/03/25 19:40:00,0,0,,,,,,,,,,,,
2025/03/25 19:45:00,0,0,,,,,,,,,,,,
2025/03/25 19:50:00,0,0,,,,,,,,,,,,
2025/03/25 19:55:00,0,0,,,,,,,,,,,,
2025/03/25 20:00:00,0,0,,,,,,,,,,,,
2025/03/25 20:05:00,0,0,,,,,,,,,,,,
2025/03/25 20:10:00,0,0,,,,,,,,,,,,
2025/03/25 20:15:00,0,0,,,,,,,,,,,,
2025/03/25 20:20:00,0,0,,,,,,,,,,,,
2025/03/25 20:25:00,0,0,,,,,,,,,,,,
2025/03/25 20:30:00,0,0,,,,,,,,,,,,
2025/03/25 20:35:00,0,0,,,,,,,,,,,,
2025/03/25 20:40:00,0,0,,,,,,,,,,,,
2025/03/25 20:45:00,0,0,,,,,,,,,,,,
2025/03/25 20:50:00,0,0,,,,,,,,,,,,
2025/03/25 20:55:00,0,0,,,,,,,,,,,,
2025/03/25 21:00:00,0,0,,,,,,,,,,,,
2025/03/25 21:05:00,0,0,,,,,,,,,,,,
2025/03/25 21:10:00,0,0,,,,,,,,,,,,
2025/03/25 21:15:00,0,0,,,,,,,,,,,,
2025/03/25 21:20:00,0,0,,,,,,,,,,,,
2025/03/25 21:25:00,0,0,,,,,,,,,,,,
2025/03/25 21:30:00,0,0,,,,,,,,,,,,
2025/03/25 21:35:00,0,0,,,,,,,,,,,,
2025/03/25 21:40:00,0,0,,,,,,,,,,,,
2025/03/25 21:45:00,0,0,,,,,,,,,,,,
2025/03/25 21:50:00,0,0,,,,,,,,,,,,
2025/03/25 21:55:00,0,0,,,,,,,,,,,,
2025/03/25 22:00:00,0,0,,,,,,,,,,,,
2025/03/25 22:05:00,0,0,,,,,,,,,,,,
2025/03/25 22:10:00,0,0,,,,,,,,,,,,
2025/03/25 22:15:00,0,0,,,,,,,,,,,,
2025/03/25 22:20:00,0,0,,,,,,,,,,,,
2025/03/25 22:25:00,0,0,,,,,,,,,,,,
2025/03/25 22:30:00,0,0,,,,,,,,,,,,
2025/03/25 22:35:00,0,0,,,,,,,,,,,,
2025/03/25 22:40:00,0,0,,,,,,,,,,,,
2025/03/25 22:45:00,0,0,,,,,,,,,,,,
2025/03/25 22:50:00,0,0,,,,,,,,,,,,
2025/03/25 22:55:00,0,0,,,,,,,,,,,,
2025/03/25 23:00:00,0,0,,,,,,,,,,,,
2025/03/25 23:05:00,0,0,,,,,,,,,,,,
2025/03/25 23:10:00,0,0,,,,,,,,,,,,
2025/03/25 23:15:00,0,0,,,,,,,,,,,,
2025/03/25 23:20:00,0,0,,,,,,,,,,,,
2025/03/25 23:25:00,0,0,,,,,,,,,,,,
2025/03/25 23:30:00,0,0,,,,,,,,,,,,
2025/03/25 23:35:00,0,0,,,,,,,,,,,,
2025/03/25 23:40:00,0,0,,,,,,,,,,,,
2025/03/25 23:45:00,0,0,,,,,,,,,,,,
2025/03/25 23:50:00,0,0,,,,,,,,,,,,
2025/03/25 23:55:00,0,0,,,,,,,,,,,,
2025/03/26 00:00:00,0,0,,,,,,,,,,,,
2025/03/26 00:05:00,0,0,,,,,,,,,,,,
2025/03/26 00:10:00,0,0,,,,,,,,,,,,
2025/03/26 00:15:00,0,0,,,,,,,,,,,,
2025/03/26 00:20:00,0,0,,,,,,,,,,,,
2025/03/26 00:25:00,0,0,,,,,,,,,,,,
2025/03/26 00:30:00,0,0,,,,,,,,,,,,
2025/03/26 00:35:00,0,0,,,,,,,,,,,,
2025/03/26 00:40:00,0,0,,,,,,,,,,,,
2025/03/26 00:45:00,0,0,,,,,,,,,,,,
2025/03/26 00:50:00,0,0,,,,,,,,,,,,
2025/03/26 00:55:00,0,0,,,,,,,,,,,,
2025/03/26 01:00:00,0,0,,,,,,,,,,,,
2025/03/26 01:05:00,0,0,,,,,,,,,,,,
2025/03/26 01:10:00,0,0,,,,,,,,,,,,
2025/03/26 01:15:00,0,0,,,,,,,,,,,,
2025/03/26 01:20:00,0,0,,,,,,,,,,,,
2025/03/26 01:25:00,0,0,,,,,,,,,,,,
2025/03/26 01:30:00,0,0,,,,,,,,,,,,
2025/03/26 01:35:00,0,0,,,,,,,,,,,,
2025/03/26 01:40:00,0,0,,,,,,,,,,,,
2025/03/26 01:45:00,0,0,,,,,,,,,,,,
2025/03/26 01:50:00,0,0,,,,,,,,,,,,
2025/03/26 01:55:00,0,0,,,,,,,,,,,,
2025/03/26 02:00:00,0,0,,,,,,,,,,,,
2025/03/26 02:05:00,0,0,,,,,,,,,,,,
2025/03/26 02:10:00,0,0,,,,,,,,,,,,
2025/03/26 02:15:00,0,0,,,,,,,,,,,,
2025/03/26 02:20:00,0,0,,,,,,,,,,,,
2025/03/26 02:25:00,0,0,,,,,,,,,,,,
2025/03/26 02:30:00,0,0,,,,,,,,,,,,
2025/03/26 02:35:00,0,0,,,,,,,,,,,,
2025/03/26 02:40:00,0,0,,,,,,,,,,,,
2025/03/26 02:45:00,0,0,,,,,,,,,,,,
2025/03/26 02:50:00,0,0,,,,,,,,,,,,
2025/03/26 02:55:00,0,0,,,,,,,,,,,,
2025/03/26 03:00:00,0,0,,,,,,,,,,,,
2025/03/26 03:05:00,0,0,,,,,,,,,,,,
2025/03/26 03:10:00,0,0,,,,,,,,,,,,
2025/03/26 03:15:00,0,0,,,,,,,,,,,,
2025/03/26 03:20:00,0,0,,,,,,,,,,,,
2025/03/26 03:25:00,0,0,,,,,,,,,,,,
2025/03/26 03:30:00,0,0,,,,,,,,,,,,
2025/03/26 03:35:00,0,0,,,,,,,,,,,,
2025/03/26 03:40:00,0,0,,,,,,,,,,,,
2025/03/26 03:45:00,0,0,,,,,,,,,,,,
2025/03/26 03:50:00,0,0,,,,,,,,,,,,
2025/03/26 03:55:00,0,0,,,,,,,,,,,,
2025/03/26 04:00:00,0,0,,,,,,,,,,,,
2025/03/26 04:05:00,0,0,,,,,,,,,,,,
2025/03/26 04:10:00,0,0,,,,,,,,,,,,
2025/03/26 04:15:00,0,0,,,,,,,,,,,,
2025/03/26 04:20:00,0,0,,,,,,,,,,,,
2025/03/26 04:25:00,0,0,,,,,,,,,,,,
2025/03/26 04:30:00,0,0,,,,,,,,,,,,
2025/03/26 04:35:00,0,0,,,,,,,,,,,,
2025/03/26 04:40:00,0,0,,,,,,,,,,,,
2025/03/26 04:45:00,0,0,,,,,,,,,,,,
2025/03/26 04:50:00,0,0,,,,,,,,,,,,
2025/03/26 04:55:00,0,0,,,,,,,,,,,,
2025/03/26 05:00:00,0,0,,,,,,,,,,,,
2025/03/26 05:05:00,0,0,,,,,,,,,,,,
2025/03/26 05:10:00,0,0,,,,,,,,,,,,
2025/03/26 05:15:00,0,0,,,,,,,,,,,,
2025/03/26 05:20:00,0,0,,,,,,,,,,,,
2025/03/26 05:25:00,0,0,,,,,,,,,,,,
2025/03/26 05:30:00,0,0,,,,,,,,,,,,
2025/03/26 05:35:00,0,0,,,,,,,,,,,,
2025/03/26 05:40:00,0,0,,,,,,,,,,,,
2025/03/26 05:45:00,0,0,,,,,,,,,,,,
2025/03/26 05:50:00,0,0,,,,,,,,,,,,
2025/03/26 05:55:00,0,0,,,,,,,,,,,,
2025/03/26 06:00:00,0,0,,,,,,,,,,,,
2025/03/26 06:05:00,0,0,,,,,,,,,,,,
2025/03/26 06:10:00,0,0,,,,,,,,,,,,
2025/03/26 06:15:00,0,0,,,,,,,,,,,,
2025/03/26 06:20:00,0,0,,,,,,,,,,,,
2025/03/26 06:25:00,0,0,,,,,,,,,,,,
2025/03/26 06:30:00,0,0,,,,,,,,,,,,
2025/03/26 06:35:00,0,0,,,,,,,,,,,,
2025/03/26 06:40:00,0,0,,,,,,,,,,,,
2025/03/26 06:45:00,0,0,,,,,,,,,,,,
2025/03/26 06:50:00,0,0,,,,,,,,,,,,
2025/03/26 06:55:00,0,0,,,,,,,,,,,,
2025/03/26 07:00:00,0,0,,,,,,,,,,,,
2025/03/26 07:05:00,0,0,,,,,,,,,,,,
2025/03/26 07:10:00,0,0,,,,,,,,,,,,
2025/03/26 07:15:00,0,0,,,,,,,,,,,,
2025/03/26 07:20:00,0,0,,,,,,,,,,,,
2025/03/26 07:25:00,0,0,,,,,,,,,,,,
2025/03/26 07:30:00,0,0,,,,,,,,,,,,
2025/03/26 07:35:00,0,0,,,,,,,,,,,,
2025/03/26 07:40:00,0,0,,,,,,,,,,,,
2025/03/26 07:45:00,0,0,,,,,,,,,,,,
2025/03/26 07:50:00,0,0,,,,,,,,,,,,
2025/03/26 07:55:00,0,0,,,,,,,,,,,,
2025/03/26 08:00:00,0,0,,,,,,,,,,,,
2025/03/26 08:05:00,0,0,,,,,,,,,,,,
2025/03/26 08:10:00,0,0,,,,,,,,,,,,
2025/03/26 08:15:00,0,0,,,,,,,,,,,,
2025/03/26 08:20:00,0,0,,,,,,,,,,,,
2025/03/26 08:25:00,0,0,,,,,,,,,,,,
2025/03/26 08:30:00,0,0,,,,,,,,,,,,
2025/03/26 08:35:00,0,0,,,,,,,,,,,,
2025/03/26 08:40:00,0,0,,,,,,,,,,,,
2025/03/26 08:45:00,0,0,,,,,,,,,,,,
2025/03/26 08:50:00,0,0,,,,,,,,,,,,
2025/03/26 08:55:00,0,0,,,,,,,,,,,,
2025/03/26 09:00:00,0,0,,,,,,,,,,,,
2025/03/26 09:05:00,0,0,,,,,,,,,,,,
2025/03/26 09:10:00,0,0,,,,,,,,,,,,
2025/03/26 09:15:00,0,0,,,,,,,,,,,,
2025/03/26 09:20:00,0,0,,,,,,,,,,,,
2025/03/26 09:25:00,0,0,,,,,,,,,,,,
2025/03/26 09:30:00,0,0,,,,,,,,,,,,
2025/03/26 09:35:00,0,0,,,,,,,,,,,,
2025/03/26 09:40:00,0,0,,,,,,,,,,,,
2025/03/26 09:45:00,0,0,,,,,,,,,,,,
2025/03/26 09:50:00,0,0,,,,,,,,,,,,
2025/03/26 09:55:00,0,0,,,,,,,,,,,,
2025/03/26 10:00:00,0,0,,,,,,,,,,,,
2025/03/26 10:05:00,0,0,,,,,,,,,,,,
2025/03/26 10:10:00,0,0,,,,,,,,,,,,
2025/03/26 10:15:00,0,0,,,,,,,,,,,,
2025/03/26 10:20:00,0,0,,,,,,,,,,,,
2025/03/26 10:25:00,0,0,,,,,,,,,,,,
2025/03/26 10:30:00,0,0,,,,,,,,,,,,
2025/03/26 10:35:00,0,0,,,,,,,,,,,,
2025/03/26 10:40:00,0,0,,,,,,,,,,,,
2025/03/26 10:45:00,0,0,,,,,,,,,,,,
2025/03/26 10:50:00,0,0,,,,,,,,,,,,
2025/03/26 10:55:00,0,0,,,,,,,,,,,,
2025/03/26 11:00:00,0,0,,,,,,,,,,,,
2025/03/26 11:05:00,0,0,,,,,,,,,,,,
2025/03/26 11:10:00,0,0,,,,,,,,,,,,
2025/03/26 11:15:00,0,0,,,,,,,,,,,,
2025/03/26 11:20:00,0,0,,,,,,,,,,,,
2025/03/26 11:25:00,0,0,,,,,,,,,,,,
2025/03/26 11:30:00,0,0,,,,,,,,,,,,
2025/03/26 11:35:00,0,0,,,,,,,,,,,,
2025/03/26 11:40:00,0,0,,,,,,,,,,,,
2025/03/26 11:45:00,0,0,,,,,,,,,,,,
2025/03/26 11:50:00,0,0,,,,,,,,,,,,
2025/03/26 11:55:00,0,0,,,,,,,,,,,,
2025/03/26 12:00:00,0,0,,,,,,,,,,,,
2025/03/26 12:05:00,0,0,,,,,,,,,,,,
2025/03/26 12:10:00,0,0,,,,,,,,,,,,
2025/03/26 12:15:00,0,0,,,,,,,,,,,,
2025/03/26 12:20:00,0,0,,,,,,,,,,,,
2025/03/26 12:25:00,0,0,,,,,,,,,,,,
2025/03/26 12:30:00,0,0,,,,,,,,,,,,
2025/03/26 12:35:00,0,0,,,,,,,,,,,,
2025/03/26 12:40:00,0,0,,,,,,,,,,,,
2025/03/26 12:45:00,0,0,,,,,,,,,,,,
2025/03/26 12:50:00,0,0,,,,,,,,,,,,
2025/03/26 12:55:00,0,0,,,,,,,,,,,,
2025/03/26 13:00:00,0,0,,,,,,,,,,,,
2025/03/26 13:05:00,0,0,,,,,,,,,,,,
2025/03/26 13:10:00,0,0,,,,,,,,,,,,
2025/03/26 13:15:00,0,0,,,,,,,,,,,,
2025/03/26 13:20:00,0,0,,,,,,,,,,,,
2025/03/26 13:25:00,0,0,,,,,,,,,,,,
2025/03/26 13:30:00,0,0,,,,,,,,,,,,
2025/03/26 13:35:00,0,0,,,,,,,,,,,,
2025/03/26 13:40:00,0,0,,,,,,,,,,,,
2025/03/26 13:45:00,0,0,,,,,,,,,,,,
2025/03/26 13:50:00,0,0,,,,,,,,,,,,
2025/03/26 13:55:00,0,0,,,,,,,,,,,,
2025/03/26 14:00:00,0,0,,,,,,,,,,,,
2025/03/26 14:05:00,0,0,,,,,,,,,,,,
2025/03/26 14:10:00,0,0,,,,,,,,,,,,
2025/03/26 14:15:00,0,0,,,,,,,,,,,,
2025/03/26 14:20:00,0,0,,,,,,,,,,,,
2025/03/26 14:25:00,0,0,,,,,,,,,,,,
2025/03/26 14:30:00,0,0,,,,,,,,,,,,
2025/03/26 14:35:00,0,0,,,,,,,,,,,,
2025/03/26 14:40:00,0,0,,,,,,,,,,,,
2025/03/26 14:45:00,0,0,,,,,,,,,,,,
2025/03/26 14:50:00,0,0,,,,,,,,,,,,
2025/03/26 14:55:00,0,0,,,,,,,,,,,,
2025/03/26 15:00:00,0,0,,,,,,,,,,,,
2025/03/26 15:05:00,0,0,,,,,,,,,,,,
2025/03/26 15:10:00,0,0,,,,,,,,,,,,
2025/03/26 15:15:00,0,0,,,,,,,,,,,,
2025/03/26 15:20:00,0,0,,,,,,,,,,,,
2025/03/26 15:25:00,0,0,,,,,,,,,,,,
2025/03/26 15:30:00,0,0,,,,,,,,,,,,
2025/03/26 15:35:00,0,0,,,,,,,,,,,,
2025/03/26 15:40:00,0,0,,,,,,,,,,,,
2025/03/26 15:45:00,0,0,,,,,,,,,,,,
2025/03/26 15:50:00,0,0,,,,,,,,,,,,
2025/03/26 15:55:00,0,0,,,,,,,,,,,,
2025/03/26 16:00:00,0,0,,,,,,,,,,,,
2025/03/26 16:05:00,0,0,,,,,,,,,,,,
2025/03/26 16:10:00,0,0,,,,,,,,,,,,
2025/03/26 16:15:00,0,0,,,,,,,,,,,,
2025/03/26 16:20:00,0,0,,,,,,,,,,,,
2025/03/26 16:25:00,0,0,,,,,,,,,,,,
2025/03/26 16:30:00,0,0,,,,,,,,,,,,
2025/03/26 16:35:00,0,0,,,,,,,,,,,,
2025/03/26 16:40:00,0,0,,,,,,,,,,,,
2025/03/26 16:45:00,0,0,,,,,,,,,,,,
2025/03/26 16:50:00,0,0,,,,,,,,,,,,
2025/03/26 16:55:00,0,0,,,,,,,,,,,,
2025/03/26 17:00:00,0,0,,,,,,,,,,,,
2025/03/26 17:05:00,0,0,,,,,,,,,,,,
2025/03/26 17:10:00,0,0,,,,,,,,,,,,
2025/03/26 17:15:00,0,0,,,,,,,,,,,,
2025/03/26 17:20:00,0,0,,,,,,,,,,,,
2025/03/26 17:25:00,0,0,,,,,,,,,,,,
2025/03/26 17:30:00,0,0,,,,,,,,,,,,
2025/03/26 17:35:00,0,0,,,,,,,,,,,,
2025/03/26 17:40:00,0,0,,,,,,,,,,,,
2025/03/26 17:45:00,0,0,,,,,,,,,,,,
2025/03/26 17:50:00,0,0,,,,,,,,,,,,
2025/03/26 17:55:00,0,0,,,,,,,,,,,,
2025/03/26 18:00:00,0,0,90,1,1,1573,1274160.711111111,2833666.1333333333,35.47708333333333,4.204761568980973,67.79513888888889,0,2871.9034722222223,511.21527777777777
2025/03/26 18:05:00,0,0,,,,,,,,,,,,
2025/03/26 18:10:00,0,0,,,,,,,,,,,,
2025/03/26 18:15:00,0,0,,,,,,,,,,,,
2025/03/26 18:20:00,0,0,,,,,,,,,,,,
2025/03/26 18:25:00,0,0,,,,,,,,,,,,
2025/03/26 18:30:00,0,0,,,,,,,,,,,,
2025/03/26 18:35:00,0,0,,,,,,,,,,,,
2025/03/26 18:40:00,0,0,,,,,,,,,,,,
2025/03/26 18:45:00,0,0,,,,,,,,,,,,
2025/03/26 18:50:00,0,0,,,,,,,,,,,,
2025/03/26 18:55:00,0,0,,,,,,,,,,,,
2025/03/26 19:00:00,0,0,,,,,,,,,,,,
2025/03/26 19:05:00,0,0,,,,,,,,,,,,
2025/03/26 19:10:00,0,0,,,,,,,,,,,,
2025/03/26 19:15:00,0,0,,,,,,,,,,,,
2025/03/26 19:20:00,0,0,,,,,,,,,,,,
2025/03/26 19:25:00,0,0,,,,,,,,,,,,
2025/03/26 19:30:00,0,0,,,,,,,,,,,,
2025/03/26 19:35:00,0,0,,,,,,,,,,,,
2025/03/26 19:40:00,0,0,,,,,,,,,,,,
2025/03/26 19:45:00,0,0,,,,,,,,,,,,
2025/03/26 19:50:00,0,0,,,,,,,,,,,,
2025/03/26 19:55:00,0,0,,,,,,,,,,,,
2025/03/26 20:00:00,0,0,,,,,,,,,,,,
2025/03/26 20:05:00,0,0,,,,,,,,,,,,
2025/03/26 20:10:00,0,0,,,,,,,,,,,,
2025/03/26 20:15:00,0,0,,,,,,,,,,,,
2025/03/26 20:20:00,0,0,,,,,,,,,,,,
2025/03/26 20:25:00,0,0,,,,,,,,,,,,
2025/03/26 20:30:00,0,0,,,,,,,,,,,,
2025/03/26 20:35:00,0,0,,,,,,,,,,,,
2025/03/26 20:40:00,0,0,,,,,,,,,,,,
2025/03/26 20:45:00,0,0,,,,,,,,,,,,
2025/03/26 20:50:00,0,0,,,,,,,,,,,,
2025/03/26 20:55:00,0,0,,,,,,,,,,,,
2025/03/26 21:00:00,0,0,,,,,,,,,,,,
2025/03/26 21:05:00,0,0,,,,,,,,,,,,
2025/03/26 21:10:00,0,0,,,,,,,,,,,,
2025/03/26 21:15:00,0,0,,,,,,,,,,,,
2025/03/26 21:20:00,0,0,,,,,,,,,,,,
2025/03/26 21:25:00,0,0,,,,,,,,,,,,
2025/03/26 21:30:00,0,0,,,,,,,,,,,,
2025/03/26 21:35:00,0,0,,,,,,,,,,,,
2025/03/26 21:40:00,0,0,,,,,,,,,,,,
2025/03/26 21:45:00,0,0,,,,,,,,,,,,
2025/03/26 21:50:00,0,0,,,,,,,,,,,,
2025/03/26 21:55:00,0,0,,,,,,,,,,,,
2025/03/26 22:00:00,0,0,,,,,,,,,,,,
2025/03/26 22:05:00,0,0,,,,,,,,,,,,
2025/03/26 22:10:00,0,0,,,,,,,,,,,,
2025/03/26 22:15:00,0,0,,,,,,,,,,,,
2025/03/26 22:20:00,0,0,,,,,,,,,,,,
2025/03/26 22:25:00,0,0,,,,,,,,,,,,
2025/03/26 22:30:00,0,0,,,,,,,,,,,,
2025/03/26 22:35:00,0,0,,,,,,,,,,,,
2025/03/26 22:40:00,0,0,,,,,,,,,,,,
2025/03/26 22:45:00,0,0,,,,,,,,,,,,
2025/03/26 22:50:00,0,0,,,,,,,,,,,,
2025/03/26 22:55:00,0,0,,,,,,,,,,,,
2025/03/26 23:00:00,0,0,,,,,,,,,,,,
2025/03/26 23:05:00,0,0,,,,,,,,,,,,
2025/03/26 23:10:00,0,0,,,,,,,,,,,,
2025/03/26 23:15:00,0,0,,,,,,,,,,,,
2025/03/26 23:20:00,0,0,,,,,,,,,,,,
2025/03/26 23:25:00,0,0,,,,,,,,,,,,
2025/03/26 23:30:00,0,0,,,,,,,,,,,,
2025/03/26 23:35:00,0,0,,,,,,,,,,,,
2025/03/26 23:40:00,0,0,,,,,,,,,,,,
2025/03/26 23:45:00,0,0,,,,,,,,,,,,
2025/03/26 23:50:00,0,0,,,,,,,,,,,,
2025/03/26 23:55:00,0,0,,,,,,,,,,,,
2025/03/27 00:00:00,0,0,,,,,,,,,,,,
2025/03/27 00:05:00,0,0,,,,,,,,,,,,
2025/03/27 00:10:00,0,0,,,,,,,,,,,,
2025/03/27 00:15:00,0,0,,,,,,,,,,,,
2025/03/27 00:20:00,0,0,,,,,,,,,,,,
2025/03/27 00:25:00,0,0,,,,,,,,,,,,
2025/03/27 00:30:00,0,0,,,,,,,,,,,,
2025/03/27 00:35:00,0,0,,,,,,,,,,,,
2025/03/27 00:40:00,0,0,,,,,,,,,,,,
2025/03/27 00:45:00,0,0,,,,,,,,,,,,
2025/03/27 00:50:00,0,0,,,,,,,,,,,,
2025/03/27 00:55:00,0,0,,,,,,,,,,,,
2025/03/27 01:00:00,0,0,,,,,,,,,,,,
2025/03/27 01:05:00,0,0,,,,,,,,,,,,
2025/03/27 01:10:00,0,0,,,,,,,,,,,,
2025/03/27 01:15:00,0,0,,,,,,,,,,,,
2025/03/27 01:20:00,0,0,,,,,,,,,,,,
2025/03/27 01:25:00,0,0,,,,,,,,,,,,
2025/03/27 01:30:00,0,0,,,,,,,,,,,,
2025/03/27 01:35:00,0,0,,,,,,,,,,,,
2025/03/27 01:40:00,0,0,,,,,,,,,,,,
2025/03/27 01:45:00,0,0,,,,,,,,,,,,
2025/03/27 01:50:00,0,0,,,,,,,,,,,,
2025/03/27 01:55:00,0,0,,,,,,,,,,,,
2025/03/27 02:00:00,0,0,,,,,,,,,,,,
2025/03/27 02:05:00,0,0,,,,,,,,,,,,
2025/03/27 02:10:00,0,0,,,,,,,,,,,,
2025/03/27 02:15:00,0,0,,,,,,,,,,,,
2025/03/27 02:20:00,0,0,,,,,,,,,,,,
2025/03/27 02:25:00,0,0,,,,,,,,,,,,
2025/03/27 02:30:00,0,0,,,,,,,,,,,,
2025/03/27 02:35:00,0,0,,,,,,,,,,,,
2025/03/27 02:40:00,0,0,,,,,,,,,,,,
2025/03/27 02:45:00,0,0,,,,,,,,,,,,
2025/03/27 02:50:00,0,0,,,,,,,,,,,,
2025/03/27 02:55:00,0,0,,,,,,,,,,,,
2025/03/27 03:00:00,0,0,,,,,,,,,,,,
2025/03/27 03:05:00,0,0,,,,,,,,,,,,
2025/03/27 03:10:00,0,0,,,,,,,,,,,,
2025/03/27 03:15:00,0,0,,,,,,,,,,,,
2025/03/27 03:20:00,0,0,,,,,,,,,,,,
2025/03/27 03:25:00,0,0,,,,,,,,,,,,
2025/03/27 03:30:00,0,0,,,,,,,,,,,,
2025/03/27 03:35:00,0,0,,,,,,,,,,,,
2025/03/27 03:40:00,0,0,,,,,,,,,,,,
2025/03/27 03:45:00,0,0,,,,,,,,,,,,
2025/03/27 03:50:00,0,0,,,,,,,,,,,,
2025/03/27 03:55:00,0,0,,,,,,,,,,,,
2025/03/27 04:00:00,0,0,,,,,,,,,,,,
2025/03/27 04:05:00,0,0,,,,,,,,,,,,
2025/03/27 04:10:00,0,0,,,,,,,,,,,,
2025/03/27 04:15:00,0,0,,,,,,,,,,,,
2025/03/27 04:20:00,0,0,,,,,,,,,,,,
2025/03/27 04:25:00,0,0,,,,,,,,,,,,
2025/03/27 04:30:00,0,0,,,,,,,,,,,,
2025/03/27 04:35:00,0,0,,,,,,,,,,,,
2025/03/27 04:40:00,0,0,,,,,,,,,,,,
2025/03/27 04:45:00,0,0,,,,,,,,,,,,
2025/03/27 04:50:00,0,0,,,,,,,,,,,,
2025/03/27 04:55:00,0,0,,,,,,,,,,,,
2025/03/27 05:00:00,0,0,,,,,,,,,,,,
2025/03/27 05:05:00,0,0,,,,,,,,,,,,
2025/03/27 05:10:00,0,0,,,,,,,,,,,,
2025/03/27 05:15:00,0,0,,,,,,,,,,,,
2025/03/27 05:20:00,0,0,,,,,,,,,,,,
2025/03/27 05:25:00,0,0,,,,,,,,,,,,
2025/03/27 05:30:00,0,0,,,,,,,,,,,,
2025/03/27 05:35:00,0,0,,,,,,,,,,,,
2025/03/27 05:40:00,0,0,,,,,,,,,,,,
2025/03/27 05:45:00,0,0,,,,,,,,,,,,
2025/03/27 05:50:00,0,0,,,,,,,,,,,,
2025/03/27 05:55:00,0,0,,,,,,,,,,,,
2025/03/27 06:00:00,0,0,,,,,,,,,,,,
2025/03/27 06:05:00,0,0,,,,,,,,,,,,
2025/03/27 06:10:00,0,0,,,,,,,,,,,,
2025/03/27 06:15:00,0,0,,,,,,,,,,,,
2025/03/27 06:20:00,0,0,,,,,,,,,,,,
2025/03/27 06:25:00,0,0,,,,,,,,,,,,
2025/03/27 06:30:00,0,0,,,,,,,,,,,,
2025/03/27 06:35:00,0,0,,,,,,,,,,,,
2025/03/27 06:40:00,0,0,,,,,,,,,,,,
2025/03/27 06:45:00,0,0,,,,,,,,,,,,
2025/03/27 06:50:00,0,0,,,,,,,,,,,,
2025/03/27 06:55:00,0,0,,,,,,,,,,,,
2025/03/27 07:00:00,0,0,,,,,,,,,,,,
2025/03/27 07:05:00,0,0,,,,,,,,,,,,
2025/03/27 07:10:00,0,0,,,,,,,,,,,,
2025/03/27 07:15:00,0,0,,,,,,,,,,,,
2025/03/27 07:20:00,0,0,,,,,,,,,,,,
2025/03/27 07:25:00,0,0,,,,,,,,,,,,
2025/03/27 07:30:00,0,0,,,,,,,,,,,,
2025/03/27 07:35:00,0,0,,,,,,,,,,,,
2025/03/27 07:40:00,0,0,,,,,,,,,,,,
2025/03/27 07:45:00,0,0,,,,,,,,,,,,
2025/03/27 07:50:00,0,0,,,,,,,,,,,,
2025/03/27 07:55:00,0,0,,,,,,,,,,,,
2025/03/27 08:00:00,0,0,,,,,,,,,,,,
2025/03/27 08:05:00,0,0,,,,,,,,,,,,
2025/03/27 08:10:00,0,0,,,,,,,,,,,,
2025/03/27 08:15:00,0,0,,,,,,,,,,,,
2025/03/27 08:20:00,0,0,,,,,,,,,,,,
2025/03/27 08:25:00,0,0,,,,,,,,,,,,
2025/03/27 08:30:00,0,0,,,,,,,,,,,,
2025/03/27 08:35:00,0,0,,,,,,,,,,,,
2025/03/27 08:40:00,0,0,,,,,,,,,,,,
2025/03/27 08:45:00,0,0,,,,,,,,,,,,
2025/03/27 08:50:00,0,0,,,,,,,,,,,,
2025/03/27 08:55:00,0,0,,,,,,,,,,,,
2025/03/27 09:00:00,0,0,,,,,,,,,,,,
2025/03/27 09:05:00,0,0,,,,,,,,,,,,
2025/03/27 09:10:00,0,0,,,,,,,,,,,,
2025/03/27 09:15:00,0,0,,,,,,,,,,,,
2025/03/27 09:20:00,0,0,,,,,,,,,,,,
2025/03/27 09:25:00,0,0,,,,,,,,,,,,
2025/03/27 09:30:00,0,0,,,,,,,,,,,,
2025/03/27 09:35:00,0,0,,,,,,,,,,,,
2025/03/27 09:40:00,0,0,,,,,,,,,,,,
2025/03/27 09:45:00,0,0,,,,,,,,,,,,
2025/03/27 09:50:00,0,0,,,,,,,,,,,,
2025/03/27 09:55:00,0,0,,,,,,,,,,,,
2025/03/27 10:00:00,0,0,,,,,,,,,,,,
2025/03/27 10:05:00,0,0,,,,,,,,,,,,
2025/03/27 10:10:00,0,0,,,,,,,,,,,,
2025/03/27 10:15:00,0,0,,,,,,,,,,,,
2025/03/27 10:20:00,0,0,,,,,,,,,,,,
2025/03/27 10:25:00,0,0,,,,,,,,,,,,
2025/03/27 10:30:00,0,0,,,,,,,,,,,,
2025/03/27 10:35:00,0,0,,,,,,,,,,,,
2025/03/27 10:40:00,0,0,,,,,,,,,,,,
2025/03/27 10:45:00,0,0,,,,,,,,,,,,
2025/03/27 10:50:00,0,0,,,,,,,,,,,,
2025/03/27 10:55:00,0,0,,,,,,,,,,,,
2025/03/27 11:00:00,0,0,,,,,,,,,,,,
2025/03/27 11:05:00,0,0,,,,,,,,,,,,
2025/03/27 11:10:00,0,0,,,,,,,,,,,,
2025/03/27 11:15:00,0,0,,,,,,,,,,,,
2025/03/27 11:20:00,0,0,,,,,,,,,,,,
2025/03/27 11:25:00,0,0,,,,,,,,,,,,
2025/03/27 11:30:00,0,0,,,,,,,,,,,,
2025/03/27 11:35:00,0,0,,,,,,,,,,,,
2025/03/27 11:40:00,0,0,,,,,,,,,,,,
2025/03/27 11:45:00,0,0,,,,,,,,,,,,
2025/03/27 11:50:00,0,0,,,,,,,,,,,,
2025/03/27 11:55:00,0,0,,,,,,,,,,,,
2025/03/27 12:00:00,0,0,,,,,,,,,,,,
2025/03/27 12:05:00,0,0,,,,,,,,,,,,
2025/03/27 12:10:00,0,0,,,,,,,,,,,,
2025/03/27 12:15:00,0,0,,,,,,,,,,,,
2025/03/27 12:20:00,0,0,,,,,,,,,,,,
2025/03/27 12:25:00,0,0,,,,,,,,,,,,
2025/03/27 12:30:00,0,0,,,,,,,,,,,,
2025/03/27 12:35:00,0,0,,,,,,,,,,,,
2025/03/27 12:40:00,0,0,,,,,,,,,,,,
2025/03/27 12:45:00,0,0,,,,,,,,,,,,
2025/03/27 12:50:00,0,0,,,,,,,,,,,,
2025/03/27 12:55:00,0,0,,,,,,,,,,,,
2025/03/27 13:00:00,0,0,,,,,,,,,,,,
2025/03/27 13:05:00,0,0,,,,,,,,,,,,
2025/03/27 13:10:00,0,0,,,,,,,,,,,,
2025/03/27 13:15:00,0,0,,,,,,,,,,,,
2025/03/27 13:20:00,0,0,,,,,,,,,,,,
2025/03/27 13:25:00,0,0,,,,,,,,,,,,
2025/03/27 13:30:00,0,0,,,,,,,,,,,,
2025/03/27 13:35:00,0,0,,,,,,,,,,,,
2025/03/27 13:40:00,0,0,,,,,,,,,,,,
2025/03/27 13:45:00,0,0,,,,,,,,,,,,
2025/03/27 13:50:00,0,0,,,,,,,,,,,,
2025/03/27 13:55:00,0,0,,,,,,,,,,,,
2025/03/27 14:00:00,0,0,,,,,,,,,,,,
2025/03/27 14:05:00,0,0,,,,,,,,,,,,
2025/03/27 14:10:00,0,0,,,,,,,,,,,,
2025/03/27 14:15:00,0,0,,,,,,,,,,,,
2025/03/27 14:20:00,0,0,,,,,,,,,,,,
2025/03/27 14:25:00,0,0,,,,,,,,,,,,
2025/03/27 14:30:00,0,0,,,,,,,,,,,,
2025/03/27 14:35:00,0,0,,,,,,,,,,,,
2025/03/27 14:40:00,0,0,,,,,,,,,,,,
2025/03/27 14:45:00,0,0,,,,,,,,,,,,
2025/03/27 14:50:00,0,0,,,,,,,,,,,,
2025/03/27 14:55:00,0,0,,,,,,,,,,,,
2025/03/27 15:00:00,0,0,,,,,,,,,,,,
2025/03/27 15:05:00,0,0,,,,,,,,,,,,
2025/03/27 15:10:00,0,0,,,,,,,,,,,,
2025/03/27 15:15:00,0,0,,,,,,,,,,,,
2025/03/27 15:20:00,0,0,,,,,,,,,,,,
2025/03/27 15:25:00,0,0,,,,,,,,,,,,
2025/03/27 15:30:00,0,0,,,,,,,,,,,,
2025/03/27 15:35:00,0,0,,,,,,,,,,,,
2025/03/27 15:40:00,0,0,,,,,,,,,,,,
2025/03/27 15:45:00,0,0,,,,,,,,,,,,
2025/03/27 15:50:00,0,0,,,,,,,,,,,,
2025/03/27 15:55:00,0,0,,,,,,,,,,,,
2025/03/27 16:00:00,0,0,,,,,,,,,,,,
2025/03/27 16:05:00,0,0,,,,,,,,,,,,
2025/03/27 16:10:00,0,0,,,,,,,,,,,,
2025/03/27 16:15:00,0,0,,,,,,,,,,,,
2025/03/27 16:20:00,0,0,,,,,,,,,,,,
2025/03/27 16:25:00,0,0,,,,,,,,,,,,
2025/03/27 16:30:00,0,0,,,,,,,,,,,,
2025/03/27 16:35:00,0,0,,,,,,,,,,,,
2025/03/27 16:40:00,0,0,,,,,,,,,,,,
2025/03/27 16:45:00,0,0,,,,,,,,,,,,
2025/03/27 16:50:00,0,0,,,,,,,,,,,,
2025/03/27 16:55:00,0,0,,,,,,,,,,,,
2025/03/27 17:00:00,0,0,,,,,,,,,,,,
2025/03/27 17:05:00,0,0,,,,,,,,,,,,
2025/03/27 17:10:00,0,0,,,,,,,,,,,,
2025/03/27 17:15:00,0,0,,,,,,,,,,,,
2025/03/27 17:20:00,0,0,,,,,,,,,,,,
2025/03/27 17:25:00,0,0,,,,,,,,,,,,
2025/03/27 17:30:00,0,0,,,,,,,,,,,,
2025/03/27 17:35:00,0,0,,,,,,,,,,,,
2025/03/27 17:40:00,0,0,,,,,,,,,,,,
2025/03/27 17:45:00,0,0,,,,,,,,,,,,
2025/03/27 17:50:00,0,0,,,,,,,,,,,,
2025/03/27 17:55:00,0,0,,,,,,,,,,,,